DateKey,ModelKey,MetricName,MetricValue,MetricGoal,IsBreach,PSIDriftScore,PredictionVolume,P95LatencyMs,FeatureNullPct,TrainingDataAgeDays,ModelVersion
20250215,2,NDCG@5,0.8750,0.82,0,0.0201,724,42,0.770,0,3.1.0
20250216,2,NDCG@5,0.8550,0.82,0,0.0510,667,51,0.767,1,3.1.0
20250217,2,NDCG@5,0.8746,0.82,0,0.0520,356,51,0.265,2,3.1.0
20250218,2,NDCG@5,0.8626,0.82,0,0.0748,368,35,0.567,3,3.1.0
20250219,2,NDCG@5,0.8581,0.82,0,0.0441,345,54,0.373,4,3.1.0
20250220,2,NDCG@5,0.8635,0.82,0,0.0399,472,54,0.264,5,3.1.0
20250221,2,NDCG@5,0.8625,0.82,0,0.0414,494,48,0.440,6,3.1.0
20250222,2,NDCG@5,0.8595,0.82,0,0.0539,690,43,0.641,0,3.1.0
20250223,2,NDCG@5,0.8659,0.82,0,0.0557,632,51,0.496,1,3.1.0
20250224,2,NDCG@5,0.8620,0.82,0,0.1038,334,55,0.528,2,3.1.0
20250225,2,NDCG@5,0.8558,0.82,0,0.0825,426,59,0.256,3,3.1.0
20250226,2,NDCG@5,0.8606,0.82,0,0.0833,230,46,0.332,4,3.1.0
20250227,2,NDCG@5,0.8655,0.82,0,0.0292,506,48,0.434,5,3.1.0
20250228,2,NDCG@5,0.8453,0.82,0,0.0215,322,43,0.594,6,3.1.0
20250301,1,MAPE,11.8390,12.00,0,0.0388,101,184,0.428,0,2.3.0
20250301,2,NDCG@5,0.8470,0.82,0,0.0251,828,59,0.567,0,3.1.0
20250302,1,MAPE,11.7096,12.00,0,0.0358,84,214,0.298,1,2.3.0
20250302,2,NDCG@5,0.8414,0.82,0,0.1068,690,48,0.309,1,3.1.0
20250303,1,MAPE,11.6422,12.00,0,0.0684,63,221,0.446,2,2.3.0
20250303,2,NDCG@5,0.8647,0.82,0,0.0420,518,57,0.447,2,3.1.0
20250304,1,MAPE,11.5390,12.00,0,0.0536,55,162,0.642,3,2.3.0
20250304,2,NDCG@5,0.8670,0.82,0,0.0642,448,48,0.664,3,3.1.0
20250305,1,MAPE,12.0599,12.00,1,0.0428,64,188,0.775,4,2.3.0
20250305,2,NDCG@5,0.8449,0.82,0,0.0221,529,38,0.312,4,3.1.0
20250306,1,MAPE,10.8635,12.00,0,0.0730,60,213,0.723,5,2.3.0
20250306,2,NDCG@5,0.8652,0.82,0,0.0678,494,54,0.637,5,3.1.0
20250307,1,MAPE,11.1519,12.00,0,0.0465,59,179,0.407,6,2.3.0
20250307,2,NDCG@5,0.8587,0.82,0,0.0406,483,45,0.642,6,3.1.0
20250308,1,MAPE,12.1397,12.00,1,0.0384,109,229,0.329,0,2.3.0
20250308,2,NDCG@5,0.8378,0.82,0,0.0483,897,49,0.556,0,3.1.0
20250309,1,MAPE,11.7362,12.00,0,0.0536,90,235,0.346,1,2.3.0
20250309,2,NDCG@5,0.8524,0.82,0,0.0458,736,56,0.359,1,3.1.0
20250310,1,MAPE,11.6510,12.00,0,0.0691,66,213,0.509,2,2.3.0
20250310,2,NDCG@5,0.8545,0.82,0,0.0990,540,52,0.721,2,3.1.0
20250311,1,MAPE,12.8702,12.00,1,0.0540,74,230,0.691,3,2.3.0
20250311,2,NDCG@5,0.8522,0.82,0,0.0585,610,50,0.724,3,3.1.0
20250312,1,MAPE,11.3552,12.00,0,0.0681,83,252,0.794,4,2.3.0
20250312,2,NDCG@5,0.8586,0.82,0,0.0354,678,50,0.445,4,3.1.0
20250313,1,MAPE,12.0257,12.00,1,0.0485,60,215,0.758,5,2.3.0
20250313,2,NDCG@5,0.8538,0.82,0,0.0657,494,49,0.304,5,3.1.0
20250314,1,MAPE,12.9977,12.00,1,0.0728,64,220,0.573,6,2.3.0
20250314,2,NDCG@5,0.8459,0.82,0,0.1069,529,51,0.507,6,3.1.0
20250315,1,MAPE,12.5119,12.00,1,0.0703,108,194,0.565,0,2.3.0
20250315,2,NDCG@5,0.8559,0.82,0,0.0848,886,51,0.334,0,3.1.0
20250316,1,MAPE,11.9212,12.00,0,0.0597,104,153,0.586,1,2.3.0
20250316,2,NDCG@5,0.8479,0.82,0,0.0696,851,48,0.397,1,3.1.0
20250317,1,MAPE,11.5750,12.00,0,0.0405,83,221,0.248,2,2.3.0
20250317,2,NDCG@5,0.8717,0.82,0,0.0785,678,44,0.593,2,3.1.0
20250318,1,MAPE,11.6769,12.00,0,0.0416,69,212,0.255,3,2.3.0
20250318,2,NDCG@5,0.8428,0.82,0,0.0735,564,39,0.306,3,3.1.0
20250319,1,MAPE,11.8452,12.00,0,0.0564,83,198,0.793,4,2.3.0
20250319,2,NDCG@5,0.8482,0.82,0,0.0927,678,45,0.681,4,3.1.0
20250320,1,MAPE,10.3772,12.00,0,0.0548,74,183,0.647,5,2.3.0
20250320,2,NDCG@5,0.8676,0.82,0,0.0809,610,59,0.759,5,3.1.0
20250321,1,MAPE,12.2992,12.00,1,0.0718,95,198,0.427,6,2.3.0
20250321,2,NDCG@5,0.8608,0.82,0,0.0557,782,40,0.319,6,3.1.0
20250322,1,MAPE,11.9792,12.00,0,0.0525,105,230,0.825,0,2.3.0
20250322,2,NDCG@5,0.8691,0.82,0,0.0729,862,51,0.461,0,3.1.0
20250323,1,MAPE,11.0052,12.00,0,0.0611,112,216,0.734,1,2.3.0
20250323,2,NDCG@5,0.8439,0.82,0,0.0502,920,43,0.302,1,3.1.0
20250324,1,MAPE,11.8672,12.00,0,0.0475,73,174,0.544,2,2.3.0
20250324,2,NDCG@5,0.8497,0.82,0,0.1066,598,50,0.326,2,3.1.0
20250325,1,MAPE,11.8361,12.00,0,0.0578,80,219,0.632,3,2.3.0
20250325,2,NDCG@5,0.8376,0.82,0,0.1092,656,45,0.324,3,3.1.0
20250326,1,MAPE,11.3677,12.00,0,0.0620,57,228,0.385,4,2.3.0
20250326,2,NDCG@5,0.8539,0.82,0,0.0554,472,65,0.232,4,3.1.0
20250327,1,MAPE,11.2386,12.00,0,0.0586,66,206,0.261,5,2.3.0
20250327,2,NDCG@5,0.8478,0.82,0,0.0443,540,40,0.585,5,3.1.0
20250328,1,MAPE,11.6350,12.00,0,0.0632,62,177,0.303,6,2.3.0
20250328,2,NDCG@5,0.7771,0.82,1,0.0758,506,43,0.709,6,3.1.0
20250329,1,MAPE,11.9403,12.00,0,0.0708,73,250,0.796,0,2.3.0
20250329,2,NDCG@5,0.8635,0.82,0,0.0600,598,46,0.249,0,3.1.0
20250330,1,MAPE,12.1654,12.00,1,0.0409,88,192,0.331,1,2.3.0
20250330,2,NDCG@5,0.8715,0.82,0,0.0459,724,39,0.414,1,3.1.0
20250331,1,MAPE,11.6284,12.00,0,0.0360,63,198,0.303,2,2.3.0
20250331,2,NDCG@5,0.8715,0.82,0,0.0866,518,41,0.352,2,3.1.0
20250401,1,MAPE,11.6265,12.00,0,0.0619,85,279,0.371,3,2.3.0
20250401,2,NDCG@5,0.8415,0.82,0,0.0855,702,47,0.207,3,3.1.0
20250402,1,MAPE,10.7891,12.00,0,0.0573,81,238,0.391,4,2.3.0
20250402,2,NDCG@5,0.8440,0.82,0,0.0784,667,43,0.560,4,3.1.0
20250403,1,MAPE,10.8621,12.00,0,0.0701,77,207,0.378,5,2.3.0
20250403,2,NDCG@5,0.8419,0.82,0,0.1066,632,45,0.477,5,3.1.0
20250404,1,MAPE,10.5717,12.00,0,0.0631,80,201,0.745,6,2.3.0
20250404,2,NDCG@5,0.8459,0.82,0,0.0287,656,32,0.588,6,3.1.0
20250405,1,MAPE,11.7209,12.00,0,0.0697,127,183,0.795,0,2.3.0
20250405,2,NDCG@5,0.8594,0.82,0,0.1029,1046,51,0.439,0,3.1.0
20250406,1,MAPE,11.0362,12.00,0,0.0428,108,186,0.271,1,2.3.0
20250406,2,NDCG@5,0.8697,0.82,0,0.0485,886,52,0.612,1,3.1.0
20250407,1,MAPE,10.7051,12.00,0,0.0454,63,231,0.288,2,2.3.0
20250407,2,NDCG@5,0.8673,0.82,0,0.1085,518,59,0.219,2,3.1.0
20250408,1,MAPE,10.8068,12.00,0,0.0577,80,197,0.328,3,2.3.0
20250408,2,NDCG@5,0.8723,0.82,0,0.0570,656,50,0.499,3,3.1.0
20250409,1,MAPE,11.4220,12.00,0,0.0716,77,202,0.733,4,2.3.0
20250409,2,NDCG@5,0.8580,0.82,0,0.0267,632,53,0.846,4,3.1.0
20250410,1,MAPE,10.0796,12.00,0,0.0693,83,227,0.845,5,2.3.0
20250410,2,NDCG@5,0.8487,0.82,0,0.0494,678,45,0.207,5,3.1.0
20250410,4,RMSEMins,12.0807,14.00,0,0.0229,130,37,0.508,0,1.4.0
20250411,1,MAPE,10.9264,12.00,0,0.0374,70,220,0.602,6,2.3.0
20250411,2,NDCG@5,0.8251,0.82,0,0.0575,575,48,0.529,6,3.1.0
20250411,4,RMSEMins,12.9972,14.00,0,0.0615,110,31,0.771,1,1.4.0
20250412,1,MAPE,11.6247,12.00,0,0.0645,111,205,0.585,0,2.3.0
20250412,2,NDCG@5,0.8595,0.82,0,0.0488,908,48,0.762,0,3.1.0
20250412,4,RMSEMins,13.9661,14.00,0,0.0299,174,40,0.565,2,1.4.0
20250413,1,MAPE,12.4435,12.00,1,0.0561,92,233,0.200,1,2.3.0
20250413,2,NDCG@5,0.8571,0.82,0,0.0296,759,47,0.285,1,3.1.0
20250413,4,RMSEMins,13.6791,14.00,0,0.0965,145,30,0.619,3,1.4.0
20250414,1,MAPE,12.2078,12.00,1,0.0554,66,172,0.801,2,2.3.0
20250414,2,NDCG@5,0.8589,0.82,0,0.0436,540,53,0.532,2,3.1.0
20250414,4,RMSEMins,14.1461,14.00,1,0.0282,103,32,0.625,4,1.4.0
20250415,1,MAPE,12.3415,12.00,1,0.0452,71,174,0.612,3,2.3.0
20250415,2,NDCG@5,0.8451,0.82,0,0.0694,586,52,0.641,3,3.1.0
20250415,4,RMSEMins,12.2673,14.00,0,0.1033,112,37,0.723,5,1.4.0
20250416,1,MAPE,11.2197,12.00,0,0.0681,67,217,0.837,4,2.3.0
20250416,2,NDCG@5,0.8727,0.82,0,0.0245,552,52,0.543,4,3.1.0
20250416,4,RMSEMins,13.3792,14.00,0,0.0483,106,34,0.529,6,1.4.0
20250417,1,MAPE,11.3232,12.00,0,0.0374,63,222,0.400,5,2.3.0
20250417,2,NDCG@5,0.8536,0.82,0,0.0675,518,46,0.326,5,3.1.0
20250417,4,RMSEMins,11.9114,14.00,0,0.0324,99,45,0.468,0,1.4.0
20250418,1,MAPE,10.3194,12.00,0,0.0479,70,211,0.834,6,2.3.0
20250418,2,NDCG@5,0.8740,0.82,0,0.0753,575,45,0.735,6,3.1.0
20250418,4,RMSEMins,13.6932,14.00,0,0.0999,110,35,0.679,1,1.4.0
20250419,1,MAPE,10.8846,12.00,0,0.0548,122,209,0.502,0,2.3.0
20250419,2,NDCG@5,0.8497,0.82,0,0.0764,1000,61,0.676,0,3.1.0
20250419,4,RMSEMins,13.7758,14.00,0,0.0861,191,32,0.584,2,1.4.0
20250420,1,MAPE,9.9042,12.00,0,0.0529,101,239,0.202,1,2.3.0
20250420,2,NDCG@5,0.8454,0.82,0,0.0428,828,51,0.475,1,3.1.0
20250420,4,RMSEMins,12.8360,14.00,0,0.1061,158,36,0.339,3,1.4.0
20250421,1,MAPE,11.5637,12.00,0,0.0410,77,216,0.505,2,2.3.0
20250421,2,NDCG@5,0.8692,0.82,0,0.0491,632,44,0.697,2,3.1.0
20250421,4,RMSEMins,12.9435,14.00,0,0.0720,121,43,0.471,4,1.4.0
20250422,1,MAPE,10.8961,12.00,0,0.0644,94,182,0.757,3,2.3.0
20250422,2,NDCG@5,0.8501,0.82,0,0.0902,770,66,0.847,3,3.1.0
20250422,4,RMSEMins,13.6484,14.00,0,0.0723,147,35,0.797,5,1.4.0
20250423,1,MAPE,10.9732,12.00,0,0.0665,77,166,0.275,4,2.3.0
20250423,2,NDCG@5,0.8689,0.82,0,0.1075,632,49,0.466,4,3.1.0
20250423,4,RMSEMins,12.8139,14.00,0,0.0540,121,46,0.530,6,1.4.0
20250424,1,MAPE,10.1101,12.00,0,0.0472,77,204,0.663,5,2.3.0
20250424,2,NDCG@5,0.8651,0.82,0,0.0728,632,44,0.754,5,3.1.0
20250424,4,RMSEMins,12.9192,14.00,0,0.0585,121,35,0.572,0,1.4.0
20250425,1,MAPE,9.8514,12.00,0,0.0470,71,188,0.850,6,2.3.0
20250425,2,NDCG@5,0.8574,0.82,0,0.0646,586,46,0.768,6,3.1.0
20250425,4,RMSEMins,13.3424,14.00,0,0.1046,112,48,0.467,1,1.4.0
20250426,1,MAPE,11.6337,12.00,0,0.0515,95,239,0.468,0,2.3.0
20250426,2,NDCG@5,0.8437,0.82,0,0.0936,782,37,0.481,0,3.1.0
20250426,4,RMSEMins,13.2440,14.00,0,0.1064,150,41,0.664,2,1.4.0
20250427,1,MAPE,10.7782,12.00,0,0.0386,104,236,0.769,1,2.3.0
20250427,2,NDCG@5,0.8523,0.82,0,0.0624,851,39,0.469,1,3.1.0
20250427,4,RMSEMins,14.3429,14.00,1,0.1018,163,42,0.791,3,1.4.0
20250428,1,MAPE,12.8845,12.00,1,0.0736,81,237,0.738,2,2.3.0
20250428,2,NDCG@5,0.8644,0.82,0,0.1004,667,51,0.266,2,3.1.0
20250428,4,RMSEMins,14.2157,14.00,1,0.0245,128,45,0.725,4,1.4.0
20250429,1,MAPE,11.9550,12.00,0,0.0412,60,214,0.681,3,2.3.0
20250429,2,NDCG@5,0.8647,0.82,0,0.0781,494,53,0.363,3,3.1.0
20250429,4,RMSEMins,12.4369,14.00,0,0.0916,95,42,0.354,5,1.4.0
20250430,1,MAPE,10.3876,12.00,0,0.0490,76,219,0.541,4,2.3.0
20250430,2,NDCG@5,0.8484,0.82,0,0.0989,621,48,0.240,4,3.1.0
20250430,4,RMSEMins,12.1046,14.00,0,0.0628,119,40,0.427,6,1.4.0
20250501,1,MAPE,10.2605,12.00,0,0.0639,74,212,0.688,5,2.3.0
20250501,2,NDCG@5,0.8455,0.82,0,0.0719,610,54,0.451,5,3.1.0
20250501,3,QuoteAcceptRate,0.6240,0.62,0,0.1042,138,58,0.781,0,1.6.0
20250501,4,RMSEMins,13.9465,14.00,0,0.0717,117,32,0.835,0,1.4.0
20250502,1,MAPE,11.1120,12.00,0,0.0539,53,199,0.497,6,2.3.0
20250502,2,NDCG@5,0.8492,0.82,0,0.0659,437,51,0.279,6,3.1.0
20250502,3,QuoteAcceptRate,0.6485,0.62,0,0.0949,99,59,0.676,1,1.6.0
20250502,4,RMSEMins,12.8041,14.00,0,0.0824,84,32,0.523,1,1.4.0
20250503,1,MAPE,11.2182,12.00,0,0.0601,102,211,0.672,0,2.3.0
20250503,2,NDCG@5,0.8702,0.82,0,0.0783,840,40,0.638,0,3.1.0
20250503,3,QuoteAcceptRate,0.6775,0.62,0,0.0892,190,69,0.542,2,1.6.0
20250503,4,RMSEMins,12.8318,14.00,0,0.0723,161,40,0.669,2,1.4.0
20250504,1,MAPE,9.9341,12.00,0,0.0623,108,223,0.791,1,2.3.0
20250504,2,NDCG@5,0.8585,0.82,0,0.0299,886,47,0.262,1,3.1.0
20250504,3,QuoteAcceptRate,0.6372,0.62,0,0.0590,200,48,0.208,3,1.6.0
20250504,4,RMSEMins,13.3284,14.00,0,0.0638,169,41,0.707,3,1.4.0
20250505,1,MAPE,11.2831,12.00,0,0.0646,85,204,0.418,2,2.3.0
20250505,2,NDCG@5,0.8604,0.82,0,0.0568,702,56,0.665,2,3.1.0
20250505,3,QuoteAcceptRate,0.6556,0.62,0,0.0448,159,51,0.408,4,1.6.0
20250505,4,RMSEMins,12.9196,14.00,0,0.0608,134,42,0.416,4,1.4.0
20250506,1,MAPE,11.6741,12.00,0,0.0362,48,215,0.793,3,2.3.0
20250506,2,NDCG@5,0.8621,0.82,0,0.0386,391,58,0.676,3,3.1.0
20250506,3,QuoteAcceptRate,0.6367,0.62,0,0.0400,88,74,0.480,5,1.6.0
20250506,4,RMSEMins,13.0327,14.00,0,0.0728,75,39,0.314,5,1.4.0
20250507,1,MAPE,11.2224,12.00,0,0.0396,78,269,0.579,4,2.3.0
20250507,2,NDCG@5,0.8663,0.82,0,0.0961,644,57,0.523,4,3.1.0
20250507,3,QuoteAcceptRate,0.6504,0.62,0,0.0718,146,72,0.772,6,1.6.0
20250507,4,RMSEMins,12.6848,14.00,0,0.0429,123,38,0.677,6,1.4.0
20250508,1,MAPE,11.0117,12.00,0,0.0432,71,204,0.297,5,2.3.0
20250508,2,NDCG@5,0.8583,0.82,0,0.0221,586,66,0.674,5,3.1.0
20250508,3,QuoteAcceptRate,0.6357,0.62,0,0.0777,133,66,0.207,0,1.6.0
20250508,4,RMSEMins,13.5104,14.00,0,0.0924,112,41,0.402,0,1.4.0
20250509,1,MAPE,10.7550,12.00,0,0.0544,74,211,0.380,6,2.3.0
20250509,2,NDCG@5,0.8589,0.82,0,0.0463,610,48,0.713,6,3.1.0
20250509,3,QuoteAcceptRate,0.6619,0.62,0,0.0724,138,63,0.512,1,1.6.0
20250509,4,RMSEMins,12.7819,14.00,0,0.1017,117,38,0.602,1,1.4.0
20250510,1,MAPE,9.9528,12.00,0,0.0660,95,199,0.580,0,2.3.0
20250510,2,NDCG@5,0.7675,0.82,1,0.0934,782,54,0.386,0,3.1.0
20250510,3,QuoteAcceptRate,0.6414,0.62,0,0.0483,177,67,0.715,2,1.6.0
20250510,4,RMSEMins,12.2315,14.00,0,0.0478,150,38,0.252,2,1.4.0
20250511,1,MAPE,11.3594,12.00,0,0.0449,115,202,0.652,1,2.3.0
20250511,2,NDCG@5,0.8457,0.82,0,0.0423,943,41,0.470,1,3.1.0
20250511,3,QuoteAcceptRate,0.6601,0.62,0,0.0655,213,69,0.786,3,1.6.0
20250511,4,RMSEMins,12.7023,14.00,0,0.0817,180,41,0.754,3,1.4.0
20250512,1,MAPE,10.7796,12.00,0,0.0697,64,272,0.266,2,2.3.0
20250512,2,NDCG@5,0.8490,0.82,0,0.0822,529,43,0.528,2,3.1.0
20250512,3,QuoteAcceptRate,0.6348,0.62,0,0.0531,120,70,0.203,4,1.6.0
20250512,4,RMSEMins,13.2578,14.00,0,0.1010,101,40,0.531,4,1.4.0
20250513,1,MAPE,10.0777,12.00,0,0.0384,66,245,0.202,3,2.3.0
20250513,2,NDCG@5,0.8445,0.82,0,0.1063,540,51,0.831,3,3.1.0
20250513,3,QuoteAcceptRate,0.6123,0.62,1,0.0322,122,71,0.550,5,1.6.0
20250513,4,RMSEMins,12.6930,14.00,0,0.1043,103,37,0.661,5,1.4.0
20250514,1,MAPE,9.9693,12.00,0,0.0690,52,190,0.787,4,2.3.0
20250514,2,NDCG@5,0.8536,0.82,0,0.0821,426,47,0.358,4,3.1.0
20250514,3,QuoteAcceptRate,0.6410,0.62,0,0.0564,96,51,0.289,6,1.6.0
20250514,4,RMSEMins,12.8379,14.00,0,0.0387,81,40,0.284,6,1.4.0
20250515,1,MAPE,10.3348,12.00,0,0.0493,60,175,0.529,5,2.3.0
20250515,2,NDCG@5,0.8508,0.82,0,0.0290,494,53,0.258,5,3.1.0
20250515,3,QuoteAcceptRate,0.6721,0.62,0,0.0984,112,64,0.607,0,1.6.0
20250515,4,RMSEMins,13.4877,14.00,0,0.0211,95,38,0.538,0,1.4.0
20250516,1,MAPE,10.3398,12.00,0,0.0724,78,198,0.648,6,2.3.0
20250516,2,NDCG@5,0.8606,0.82,0,0.0791,644,49,0.763,6,3.1.0
20250516,3,QuoteAcceptRate,0.6297,0.62,0,0.0609,146,74,0.707,1,1.6.0
20250516,4,RMSEMins,12.5638,14.00,0,0.0439,123,40,0.698,1,1.4.0
20250517,1,MAPE,10.9535,12.00,0,0.0392,95,173,0.438,0,2.3.0
20250517,2,NDCG@5,0.8382,0.82,0,0.0229,782,48,0.339,0,3.1.0
20250517,3,QuoteAcceptRate,0.6445,0.62,0,0.0642,177,74,0.722,2,1.6.0
20250517,4,RMSEMins,13.6358,14.00,0,0.0337,150,34,0.236,2,1.4.0
20250518,1,MAPE,11.1011,12.00,0,0.0719,99,203,0.611,1,2.3.0
20250518,2,NDCG@5,0.8565,0.82,0,0.1082,816,51,0.471,1,3.1.0
20250518,3,QuoteAcceptRate,0.6158,0.62,1,0.0677,185,64,0.312,3,1.6.0
20250518,4,RMSEMins,13.8524,14.00,0,0.1056,156,39,0.493,3,1.4.0
20250519,1,MAPE,10.5405,12.00,0,0.0539,69,182,0.800,2,2.3.0
20250519,2,NDCG@5,0.8315,0.82,0,0.0288,564,52,0.742,2,3.1.0
20250519,3,QuoteAcceptRate,0.6392,0.62,0,0.0796,127,91,0.722,4,1.6.0
20250519,4,RMSEMins,12.6629,14.00,0,0.0233,108,43,0.802,4,1.4.0
20250520,1,MAPE,11.0762,12.00,0,0.0660,63,181,0.633,3,2.3.0
20250520,2,NDCG@5,0.8449,0.82,0,0.0735,518,40,0.392,3,3.1.0
20250520,3,QuoteAcceptRate,0.6575,0.62,0,0.1006,117,53,0.271,5,1.6.0
20250520,4,RMSEMins,12.9034,14.00,0,0.1011,99,40,0.435,5,1.4.0
20250521,1,MAPE,10.8214,12.00,0,0.0723,66,211,0.810,4,2.3.0
20250521,2,NDCG@5,0.8290,0.82,0,0.0979,540,47,0.564,4,3.1.0
20250521,3,QuoteAcceptRate,0.6245,0.62,0,0.0362,122,62,0.754,6,1.6.0
20250521,4,RMSEMins,11.8515,14.00,0,0.0504,103,51,0.355,6,1.4.0
20250522,1,MAPE,10.5087,12.00,0,0.0705,77,206,0.428,5,2.3.0
20250522,2,NDCG@5,0.8426,0.82,0,0.0989,632,43,0.393,5,3.1.0
20250522,3,QuoteAcceptRate,0.6484,0.62,0,0.0779,143,60,0.668,0,1.6.0
20250522,4,RMSEMins,12.5820,14.00,0,0.0604,121,35,0.409,0,1.4.0
20250523,1,MAPE,9.8110,12.00,0,0.0734,88,235,0.682,6,2.3.0
20250523,2,NDCG@5,0.8575,0.82,0,0.0957,724,49,0.445,6,3.1.0
20250523,3,QuoteAcceptRate,0.6116,0.62,1,0.1070,164,61,0.602,1,1.6.0
20250523,4,RMSEMins,13.7155,14.00,0,0.0522,139,37,0.665,1,1.4.0
20250524,1,MAPE,9.8585,12.00,0,0.0601,91,184,0.690,0,2.3.0
20250524,2,NDCG@5,0.8659,0.82,0,0.0757,748,46,0.529,0,3.1.0
20250524,3,QuoteAcceptRate,0.6532,0.62,0,0.0966,169,55,0.228,2,1.6.0
20250524,4,RMSEMins,12.6857,14.00,0,0.0278,143,45,0.619,2,1.4.0
20250525,1,MAPE,10.4698,12.00,0,0.0595,84,215,0.820,1,2.3.0
20250525,2,NDCG@5,0.8529,0.82,0,0.0497,690,57,0.354,1,3.1.0
20250525,3,QuoteAcceptRate,0.6924,0.62,0,0.1013,156,58,0.837,3,1.6.0
20250525,4,RMSEMins,12.4460,14.00,0,0.0750,132,41,0.730,3,1.4.0
20250526,1,MAPE,10.6618,12.00,0,0.0385,78,185,0.510,2,2.3.0
20250526,2,NDCG@5,0.8579,0.82,0,0.1081,644,45,0.739,2,3.1.0
20250526,3,QuoteAcceptRate,0.6474,0.62,0,0.0369,146,55,0.566,4,1.6.0
20250526,4,RMSEMins,13.8938,14.00,0,0.0371,123,38,0.264,4,1.4.0
20250527,1,MAPE,11.0278,12.00,0,0.0733,57,178,0.320,3,2.3.0
20250527,2,NDCG@5,0.8427,0.82,0,0.0626,472,50,0.298,3,3.1.0
20250527,3,QuoteAcceptRate,0.6273,0.62,0,0.0964,107,59,0.224,5,1.6.0
20250527,4,RMSEMins,13.5705,14.00,0,0.0811,90,30,0.383,5,1.4.0
20250528,1,MAPE,10.0802,12.00,0,0.0656,57,220,0.320,4,2.3.0
20250528,2,NDCG@5,0.8478,0.82,0,0.0376,472,49,0.512,4,3.1.0
20250528,3,QuoteAcceptRate,0.6543,0.62,0,0.0616,107,67,0.311,6,1.6.0
20250528,4,RMSEMins,12.9474,14.00,0,0.0772,90,37,0.837,6,1.4.0
20250529,1,MAPE,11.2016,12.00,0,0.0608,70,217,0.420,5,2.3.0
20250529,2,NDCG@5,0.8411,0.82,0,0.0389,575,46,0.570,5,3.1.0
20250529,3,QuoteAcceptRate,0.6606,0.62,0,0.0602,130,70,0.604,0,1.6.0
20250529,4,RMSEMins,14.2928,14.00,1,0.0890,110,38,0.740,0,1.4.0
20250530,1,MAPE,10.0339,12.00,0,0.0493,62,223,0.300,6,2.3.0
20250530,2,NDCG@5,0.8498,0.82,0,0.0730,506,41,0.714,6,3.1.0
20250530,3,QuoteAcceptRate,0.6376,0.62,0,0.0379,114,57,0.640,1,1.6.0
20250530,4,RMSEMins,12.0327,14.00,0,0.0747,97,48,0.554,1,1.4.0
20250531,1,MAPE,10.1106,12.00,0,0.0474,74,234,0.365,0,2.3.0
20250531,2,NDCG@5,0.8485,0.82,0,0.0278,610,50,0.648,0,3.1.0
20250531,3,QuoteAcceptRate,0.6242,0.62,0,0.0449,138,54,0.250,2,1.6.0
20250531,4,RMSEMins,13.8539,14.00,0,0.0974,117,34,0.739,2,1.4.0
20250601,1,MAPE,10.1876,12.00,0,0.0432,150,175,0.513,1,2.3.0
20250601,2,NDCG@5,0.8415,0.82,0,0.0498,1230,43,0.345,1,3.1.0
20250601,3,QuoteAcceptRate,0.6776,0.62,0,0.0676,278,59,0.419,3,1.6.0
20250601,4,RMSEMins,11.9360,14.00,0,0.0666,235,38,0.621,3,1.4.0
20250602,1,MAPE,11.0212,12.00,0,0.0728,67,222,0.602,2,2.3.0
20250602,2,NDCG@5,0.8459,0.82,0,0.0958,552,48,0.562,2,3.1.0
20250602,3,QuoteAcceptRate,0.6294,0.62,0,0.0324,125,64,0.573,4,1.6.0
20250602,4,RMSEMins,13.0356,14.00,0,0.0914,106,33,0.539,4,1.4.0
20250603,1,MAPE,9.7930,12.00,0,0.0351,78,235,0.280,3,2.3.0
20250603,2,NDCG@5,0.8475,0.82,0,0.0379,644,44,0.454,3,3.1.0
20250603,3,QuoteAcceptRate,0.6230,0.62,0,0.0524,146,58,0.442,5,1.6.0
20250603,4,RMSEMins,12.9003,14.00,0,0.0886,123,33,0.626,5,1.4.0
20250604,1,MAPE,10.0887,12.00,0,0.0606,99,195,0.232,4,2.3.0
20250604,2,NDCG@5,0.8511,0.82,0,0.0442,816,56,0.592,4,3.1.0
20250604,3,QuoteAcceptRate,0.6769,0.62,0,0.0883,185,48,0.258,6,1.6.0
20250604,4,RMSEMins,13.8935,14.00,0,0.0597,156,45,0.805,6,1.4.0
20250605,1,MAPE,10.6378,12.00,0,0.0697,105,223,0.662,5,2.3.0
20250605,2,NDCG@5,0.8513,0.82,0,0.0964,862,58,0.293,5,3.1.0
20250605,3,QuoteAcceptRate,0.6673,0.62,0,0.0434,195,58,0.418,0,1.6.0
20250605,4,RMSEMins,11.9857,14.00,0,0.0811,165,51,0.396,0,1.4.0
20250606,1,MAPE,11.1359,12.00,0,0.0593,90,197,0.233,6,2.3.0
20250606,2,NDCG@5,0.8481,0.82,0,0.0855,736,54,0.533,6,3.1.0
20250606,3,QuoteAcceptRate,0.6228,0.62,0,0.1080,166,71,0.780,1,1.6.0
20250606,4,RMSEMins,11.5943,14.00,0,0.0909,141,38,0.413,1,1.4.0
20250607,1,MAPE,10.1130,12.00,0,0.0370,120,237,0.229,0,2.3.0
20250607,2,NDCG@5,0.8437,0.82,0,0.0775,989,35,0.740,0,3.1.0
20250607,3,QuoteAcceptRate,0.6353,0.62,0,0.0828,224,60,0.732,2,1.6.0
20250607,4,RMSEMins,13.1532,14.00,0,0.0667,189,40,0.794,2,1.4.0
20250608,1,MAPE,9.8085,12.00,0,0.0512,144,204,0.555,1,2.3.0
20250608,2,NDCG@5,0.8355,0.82,0,0.0603,1184,51,0.797,1,3.1.0
20250608,3,QuoteAcceptRate,0.6331,0.62,0,0.0895,268,74,0.698,3,1.6.0
20250608,4,RMSEMins,13.4533,14.00,0,0.0792,227,47,0.785,3,1.4.0
20250609,1,MAPE,10.2084,12.00,0,0.0365,97,206,0.830,2,2.3.0
20250609,2,NDCG@5,0.8577,0.82,0,0.0802,794,52,0.685,2,3.1.0
20250609,3,QuoteAcceptRate,0.6301,0.62,0,0.0935,179,55,0.720,4,1.6.0
20250609,4,RMSEMins,13.9176,14.00,0,0.0290,152,30,0.368,4,1.4.0
20250610,1,MAPE,10.3899,12.00,0,0.0463,97,189,0.680,3,2.3.0
20250610,2,NDCG@5,0.8606,0.82,0,0.0889,794,45,0.729,3,3.1.0
20250610,3,QuoteAcceptRate,0.6672,0.62,0,0.0381,179,64,0.331,5,1.6.0
20250610,4,RMSEMins,12.5668,14.00,0,0.1089,152,36,0.562,5,1.4.0
20250611,1,MAPE,9.2844,12.00,0,0.0515,71,225,0.718,4,2.3.0
20250611,2,NDCG@5,0.8394,0.82,0,0.1089,586,44,0.391,4,3.1.0
20250611,3,QuoteAcceptRate,0.6666,0.62,0,0.0764,133,57,0.212,6,1.6.0
20250611,4,RMSEMins,13.8570,14.00,0,0.0439,112,49,0.732,6,1.4.0
20250612,1,MAPE,10.2343,12.00,0,0.0735,76,203,0.465,5,2.3.0
20250612,2,NDCG@5,0.8517,0.82,0,0.0780,621,55,0.457,5,3.1.0
20250612,3,QuoteAcceptRate,0.6292,0.62,0,0.0230,140,56,0.720,0,1.6.0
20250612,4,RMSEMins,12.2457,14.00,0,0.0619,119,37,0.673,0,1.4.0
20250613,1,MAPE,9.9160,12.00,0,0.0532,67,253,0.259,6,2.3.0
20250613,2,NDCG@5,0.8558,0.82,0,0.0296,552,45,0.653,6,3.1.0
20250613,3,QuoteAcceptRate,0.6516,0.62,0,0.0667,125,56,0.309,1,1.6.0
20250613,4,RMSEMins,13.3333,14.00,0,0.0943,106,37,0.237,1,1.4.0
20250614,1,MAPE,9.8234,12.00,0,0.0627,147,204,0.471,0,2.3.0
20250614,2,NDCG@5,0.8419,0.82,0,0.0969,1208,49,0.535,0,3.1.0
20250614,3,QuoteAcceptRate,0.6739,0.62,0,0.0636,273,56,0.813,2,1.6.0
20250614,4,RMSEMins,13.7147,14.00,0,0.0345,231,42,0.803,2,1.4.0
20250615,1,MAPE,11.0812,12.00,0,0.0559,151,250,0.694,1,2.3.0
20250615,2,NDCG@5,0.8599,0.82,0,0.0308,1242,38,0.235,1,3.1.0
20250615,3,QuoteAcceptRate,0.6584,0.62,0,0.0795,281,53,0.612,3,1.6.0
20250615,4,RMSEMins,13.3428,14.00,0,0.1082,238,46,0.809,3,1.4.0
20250615,6,Precision,0.7599,0.71,0,0.0695,108,61,0.683,0,2.0.0
20250616,1,MAPE,10.9134,12.00,0,0.0400,85,173,0.442,2,2.3.0
20250616,2,NDCG@5,0.8467,0.82,0,0.0633,702,40,0.419,2,3.1.0
20250616,3,QuoteAcceptRate,0.6556,0.62,0,0.0783,159,60,0.745,4,1.6.0
20250616,4,RMSEMins,13.1653,14.00,0,0.0932,134,37,0.622,4,1.4.0
20250616,6,Precision,0.7745,0.71,0,0.0454,61,83,0.625,1,2.0.0
20250617,1,MAPE,10.9779,12.00,0,0.0718,76,150,0.416,3,2.3.0
20250617,2,NDCG@5,0.8407,0.82,0,0.0303,621,37,0.797,3,3.1.0
20250617,3,QuoteAcceptRate,0.6677,0.62,0,0.0697,140,63,0.488,5,1.6.0
20250617,4,RMSEMins,11.8070,14.00,0,0.0997,119,39,0.848,5,1.4.0
20250617,6,Precision,0.7765,0.71,0,0.0201,54,86,0.272,2,2.0.0
20250618,1,MAPE,10.4136,12.00,0,0.0542,112,191,0.812,4,2.3.0
20250618,2,NDCG@5,0.8527,0.82,0,0.0404,920,43,0.742,4,3.1.0
20250618,3,QuoteAcceptRate,0.6786,0.62,0,0.0817,208,78,0.403,6,1.6.0
20250618,4,RMSEMins,12.7804,14.00,0,0.0526,176,40,0.438,6,1.4.0
20250618,6,Precision,0.7792,0.71,0,0.0230,80,66,0.543,3,2.0.0
20250619,1,MAPE,11.5510,12.00,0,0.0559,111,211,0.644,5,2.3.0
20250619,2,NDCG@5,0.8448,0.82,0,0.0227,908,51,0.538,5,3.1.0
20250619,3,QuoteAcceptRate,0.6439,0.62,0,0.0764,205,59,0.259,0,1.6.0
20250619,4,RMSEMins,12.3961,14.00,0,0.1001,174,36,0.261,0,1.4.0
20250619,6,Precision,0.7559,0.71,0,0.0220,79,67,0.393,4,2.0.0
20250620,1,MAPE,10.4324,12.00,0,0.0533,92,278,0.613,6,2.3.0
20250620,2,NDCG@5,0.8628,0.82,0,0.0239,759,57,0.788,6,3.1.0
20250620,3,QuoteAcceptRate,0.6491,0.62,0,0.0264,172,53,0.365,1,1.6.0
20250620,4,RMSEMins,12.6585,14.00,0,0.0502,145,39,0.410,1,1.4.0
20250620,6,Precision,0.7594,0.71,0,0.0809,66,78,0.514,5,2.0.0
20250621,1,MAPE,9.3380,12.00,0,0.0749,111,210,0.756,0,2.3.0
20250621,2,NDCG@5,0.8381,0.82,0,0.0839,908,53,0.573,0,3.1.0
20250621,3,QuoteAcceptRate,0.6469,0.62,0,0.1027,205,57,0.269,2,1.6.0
20250621,4,RMSEMins,13.2336,14.00,0,0.0752,174,36,0.650,2,1.4.0
20250621,6,Precision,0.7813,0.71,0,0.1053,79,74,0.318,6,2.0.0
20250622,1,MAPE,9.8239,12.00,0,0.0616,137,190,0.292,1,2.3.0
20250622,2,NDCG@5,0.8495,0.82,0,0.0768,1127,47,0.374,1,3.1.0
20250622,3,QuoteAcceptRate,0.6321,0.62,0,0.0562,255,57,0.478,3,1.6.0
20250622,4,RMSEMins,12.7360,14.00,0,0.0615,216,40,0.582,3,1.4.0
20250622,6,Precision,0.7424,0.71,0,0.0674,98,60,0.846,0,2.0.0
20250623,1,MAPE,9.6384,12.00,0,0.0427,88,230,0.784,2,2.3.0
20250623,2,NDCG@5,0.8549,0.82,0,0.0581,724,47,0.671,2,3.1.0
20250623,3,QuoteAcceptRate,0.6253,0.62,0,0.0829,164,61,0.685,4,1.6.0
20250623,4,RMSEMins,13.3240,14.00,0,0.0929,139,35,0.474,4,1.4.0
20250623,6,Precision,0.7157,0.71,0,0.0824,63,75,0.271,1,2.0.0
20250624,1,MAPE,10.9057,12.00,0,0.0683,78,219,0.396,3,2.3.0
20250624,2,NDCG@5,0.8572,0.82,0,0.1000,644,37,0.639,3,3.1.0
20250624,3,QuoteAcceptRate,0.6721,0.62,0,0.0526,146,49,0.624,5,1.6.0
20250624,4,RMSEMins,13.1640,14.00,0,0.0938,123,40,0.663,5,1.4.0
20250624,6,Precision,0.7563,0.71,0,0.0407,56,57,0.352,2,2.0.0
20250625,1,MAPE,10.7225,12.00,0,0.0456,84,216,0.748,4,2.3.0
20250625,2,NDCG@5,0.8373,0.82,0,0.0773,690,44,0.396,4,3.1.0
20250625,3,QuoteAcceptRate,0.6339,0.62,0,0.0783,156,61,0.750,6,1.6.0
20250625,4,RMSEMins,13.9792,14.00,0,0.0598,132,44,0.236,6,1.4.0
20250625,6,Precision,0.7752,0.71,0,0.0821,60,58,0.836,3,2.0.0
20250626,1,MAPE,9.9400,12.00,0,0.0704,64,196,0.525,5,2.3.0
20250626,2,NDCG@5,0.8341,0.82,0,0.0395,529,42,0.458,5,3.1.0
20250626,3,QuoteAcceptRate,0.6339,0.62,0,0.0689,120,57,0.637,0,1.6.0
20250626,4,RMSEMins,12.5184,14.00,0,0.0825,101,39,0.595,0,1.4.0
20250626,6,Precision,0.7726,0.71,0,0.1096,46,62,0.469,4,2.0.0
20250627,1,MAPE,10.8597,12.00,0,0.0516,77,182,0.556,6,2.3.0
20250627,2,NDCG@5,0.8534,0.82,0,0.0559,632,37,0.373,6,3.1.0
20250627,3,QuoteAcceptRate,0.6373,0.62,0,0.0838,143,53,0.654,1,1.6.0
20250627,4,RMSEMins,12.9846,14.00,0,0.0979,121,44,0.501,1,1.4.0
20250627,6,Precision,0.7518,0.71,0,0.0434,55,67,0.751,5,2.0.0
20250628,1,MAPE,10.5084,12.00,0,0.0537,90,175,0.737,0,2.3.0
20250628,2,NDCG@5,0.8506,0.82,0,0.1078,736,38,0.362,0,3.1.0
20250628,3,QuoteAcceptRate,0.6289,0.62,0,0.0227,166,64,0.551,2,1.6.0
20250628,4,RMSEMins,12.7134,14.00,0,0.0626,141,28,0.404,2,1.4.0
20250628,6,Precision,0.7239,0.71,0,0.0652,64,73,0.665,6,2.0.0
20250629,1,MAPE,9.2294,12.00,0,0.0495,109,208,0.775,1,2.3.0
20250629,2,NDCG@5,0.8543,0.82,0,0.0609,897,55,0.709,1,3.1.0
20250629,3,QuoteAcceptRate,0.6607,0.62,0,0.0587,203,62,0.701,3,1.6.0
20250629,4,RMSEMins,12.7009,14.00,0,0.0349,172,41,0.735,3,1.4.0
20250629,6,Precision,0.7766,0.71,0,0.0952,78,70,0.751,0,2.0.0
20250630,1,MAPE,9.9094,12.00,0,0.0353,60,175,0.692,2,2.3.0
20250630,2,NDCG@5,0.8627,0.82,0,0.1059,494,53,0.237,2,3.1.0
20250630,3,QuoteAcceptRate,0.6705,0.62,0,0.0311,112,74,0.780,4,1.6.0
20250630,4,RMSEMins,14.3253,14.00,1,0.0645,95,38,0.350,4,1.4.0
20250630,6,Precision,0.6919,0.71,1,0.0494,43,101,0.785,1,2.0.0
20250701,1,MAPE,9.5155,12.00,0,0.0408,99,204,0.629,3,2.3.0
20250701,2,NDCG@5,0.8355,0.82,0,0.0717,816,53,0.409,3,3.1.0
20250701,3,QuoteAcceptRate,0.6446,0.62,0,0.0965,185,55,0.318,5,1.6.0
20250701,4,RMSEMins,11.8946,14.00,0,0.0925,156,39,0.498,5,1.4.0
20250701,6,Precision,0.7465,0.71,0,0.0218,71,69,0.289,2,2.0.0
20250702,1,MAPE,9.5621,12.00,0,0.0624,78,222,0.784,4,2.3.0
20250702,2,NDCG@5,0.8387,0.82,0,0.1066,644,41,0.474,4,3.1.0
20250702,3,QuoteAcceptRate,0.6296,0.62,0,0.0914,146,58,0.823,6,1.6.0
20250702,4,RMSEMins,13.2771,14.00,0,0.0267,123,38,0.799,6,1.4.0
20250702,6,Precision,0.7419,0.71,0,0.0950,56,79,0.684,3,2.0.0
20250703,1,MAPE,9.7655,12.00,0,0.0634,90,245,0.748,5,2.3.0
20250703,2,NDCG@5,0.8489,0.82,0,0.0476,736,48,0.754,5,3.1.0
20250703,3,QuoteAcceptRate,0.6593,0.62,0,0.1010,166,60,0.651,0,1.6.0
20250703,4,RMSEMins,12.0867,14.00,0,0.0596,141,31,0.330,0,1.4.0
20250703,6,Precision,0.7691,0.71,0,0.0285,64,67,0.613,4,2.0.0
20250704,1,MAPE,9.8860,12.00,0,0.0650,101,204,0.438,6,2.3.0
20250704,2,NDCG@5,0.8390,0.82,0,0.0893,828,43,0.539,6,3.1.0
20250704,3,QuoteAcceptRate,0.6369,0.62,0,0.0566,187,58,0.424,1,1.6.0
20250704,4,RMSEMins,12.4336,14.00,0,0.0983,158,42,0.534,1,1.4.0
20250704,6,Precision,0.7426,0.71,0,0.0493,72,78,0.707,5,2.0.0
20250705,1,MAPE,10.7363,12.00,0,0.0487,139,230,0.615,0,2.3.0
20250705,2,NDCG@5,0.8581,0.82,0,0.0217,1138,44,0.527,0,3.1.0
20250705,3,QuoteAcceptRate,0.6441,0.62,0,0.0790,257,57,0.306,2,1.6.0
20250705,4,RMSEMins,12.5521,14.00,0,0.0558,218,34,0.635,2,1.4.0
20250705,6,Precision,0.7304,0.71,0,0.0537,99,79,0.472,6,2.0.0
20250706,1,MAPE,9.3700,12.00,0,0.0669,157,183,0.641,1,2.3.0
20250706,2,NDCG@5,0.8354,0.82,0,0.0704,1288,36,0.675,1,3.1.0
20250706,3,QuoteAcceptRate,0.6373,0.62,0,0.0236,291,84,0.631,3,1.6.0
20250706,4,RMSEMins,12.8108,14.00,0,0.0954,246,41,0.582,3,1.4.0
20250706,6,Precision,0.7871,0.71,0,0.0691,112,76,0.500,0,2.0.0
20250707,1,MAPE,10.2469,12.00,0,0.0499,85,237,0.632,2,2.3.0
20250707,2,NDCG@5,0.8418,0.82,0,0.0603,702,42,0.321,2,3.1.0
20250707,3,QuoteAcceptRate,0.6190,0.62,1,0.0982,159,58,0.406,4,1.6.0
20250707,4,RMSEMins,13.6021,14.00,0,0.0858,134,47,0.335,4,1.4.0
20250707,6,Precision,0.7750,0.71,0,0.0699,61,59,0.693,1,2.0.0
20250708,1,MAPE,10.1695,12.00,0,0.0663,105,259,0.351,3,2.3.0
20250708,2,NDCG@5,0.8406,0.82,0,0.0918,862,46,0.682,3,3.1.0
20250708,3,QuoteAcceptRate,0.6527,0.62,0,0.0963,195,52,0.795,5,1.6.0
20250708,4,RMSEMins,11.9527,14.00,0,0.0983,165,42,0.567,5,1.4.0
20250708,6,Precision,0.7895,0.71,0,0.0969,75,57,0.732,2,2.0.0
20250709,1,MAPE,10.3452,12.00,0,0.0581,97,231,0.590,4,2.3.0
20250709,2,NDCG@5,0.8428,0.82,0,0.0958,794,53,0.710,4,3.1.0
20250709,3,QuoteAcceptRate,0.6486,0.62,0,0.0336,179,55,0.802,6,1.6.0
20250709,4,RMSEMins,13.8589,14.00,0,0.0669,152,34,0.299,6,1.4.0
20250709,6,Precision,0.7265,0.71,0,0.0979,69,85,0.691,3,2.0.0
20250710,1,MAPE,10.1241,12.00,0,0.0713,108,220,0.435,5,2.3.0
20250710,2,NDCG@5,0.8492,0.82,0,0.0380,886,56,0.400,5,3.1.0
20250710,3,QuoteAcceptRate,0.6411,0.62,0,0.0641,200,66,0.688,0,1.6.0
20250710,4,RMSEMins,12.2819,14.00,0,0.0448,169,41,0.632,0,1.4.0
20250710,6,Precision,0.7387,0.71,0,0.0267,77,61,0.770,4,2.0.0
20250711,1,MAPE,9.5301,12.00,0,0.0643,94,265,0.645,6,2.3.0
20250711,2,NDCG@5,0.8605,0.82,0,0.0476,770,45,0.381,6,3.1.0
20250711,3,QuoteAcceptRate,0.6563,0.62,0,0.0328,174,61,0.228,1,1.6.0
20250711,4,RMSEMins,13.2235,14.00,0,0.0867,147,42,0.355,1,1.4.0
20250711,6,Precision,0.7674,0.71,0,0.0920,67,90,0.301,5,2.0.0
20250712,1,MAPE,9.2580,12.00,0,0.0700,130,213,0.311,0,2.3.0
20250712,2,NDCG@5,0.8610,0.82,0,0.1050,1070,40,0.370,0,3.1.0
20250712,3,QuoteAcceptRate,0.6426,0.62,0,0.0485,242,59,0.336,2,1.6.0
20250712,4,RMSEMins,13.2418,14.00,0,0.0833,205,41,0.780,2,1.4.0
20250712,6,Precision,0.7553,0.71,0,0.0300,93,77,0.810,6,2.0.0
20250713,1,MAPE,9.6723,12.00,0,0.0449,144,238,0.636,1,2.3.0
20250713,2,NDCG@5,0.8522,0.82,0,0.1062,1184,55,0.557,1,3.1.0
20250713,3,QuoteAcceptRate,0.6402,0.62,0,0.0253,268,61,0.395,3,1.6.0
20250713,4,RMSEMins,12.7951,14.00,0,0.0296,227,34,0.462,3,1.4.0
20250713,6,Precision,0.7408,0.71,0,0.1086,103,73,0.813,0,2.0.0
20250714,1,MAPE,10.2037,12.00,0,0.0583,108,169,0.306,2,2.3.0
20250714,2,NDCG@5,0.8394,0.82,0,0.0314,886,63,0.739,2,3.1.0
20250714,3,QuoteAcceptRate,0.6241,0.62,0,0.0363,200,66,0.457,4,1.6.0
20250714,4,RMSEMins,12.6185,14.00,0,0.0340,169,47,0.652,4,1.4.0
20250714,6,Precision,0.7674,0.71,0,0.0438,77,69,0.803,1,2.0.0
20250715,1,MAPE,9.5281,12.00,0,0.0420,97,215,0.323,3,2.3.0
20250715,2,NDCG@5,0.8449,0.82,0,0.0542,794,47,0.437,3,3.1.0
20250715,3,QuoteAcceptRate,0.6075,0.62,1,0.0973,179,67,0.584,5,1.6.0
20250715,4,RMSEMins,12.6134,14.00,0,0.0542,152,34,0.633,5,1.4.0
20250715,6,Precision,0.7373,0.71,0,0.1086,69,66,0.554,2,2.0.0
20250716,1,MAPE,9.3260,12.00,0,0.0396,92,212,0.764,4,2.3.0
20250716,2,NDCG@5,0.8612,0.82,0,0.0386,759,47,0.305,4,3.1.0
20250716,3,QuoteAcceptRate,0.6563,0.62,0,0.0550,172,60,0.615,6,1.6.0
20250716,4,RMSEMins,13.5264,14.00,0,0.0543,145,45,0.681,6,1.4.0
20250716,6,Precision,0.7693,0.71,0,0.0877,66,75,0.569,3,2.0.0
20250717,1,MAPE,9.6567,12.00,0,0.0614,92,243,0.582,5,2.3.0
20250717,2,NDCG@5,0.8473,0.82,0,0.1004,759,59,0.550,5,3.1.0
20250717,3,QuoteAcceptRate,0.6391,0.62,0,0.0273,172,73,0.307,0,1.6.0
20250717,4,RMSEMins,12.8619,14.00,0,0.0409,145,46,0.412,0,1.4.0
20250717,6,Precision,0.7466,0.71,0,0.0368,66,80,0.293,4,2.0.0
20250718,1,MAPE,10.0890,12.00,0,0.0629,87,195,0.383,6,2.3.0
20250718,2,NDCG@5,0.8368,0.82,0,0.0629,713,48,0.765,6,3.1.0
20250718,3,QuoteAcceptRate,0.6911,0.62,0,0.0809,161,60,0.591,1,1.6.0
20250718,4,RMSEMins,13.2398,14.00,0,0.0874,136,40,0.673,1,1.4.0
20250718,6,Precision,0.7829,0.71,0,0.0513,62,77,0.654,5,2.0.0
20250719,1,MAPE,8.8738,12.00,0,0.0568,158,215,0.229,0,2.3.0
20250719,2,NDCG@5,0.8351,0.82,0,0.0263,1300,44,0.740,0,3.1.0
20250719,3,QuoteAcceptRate,0.6527,0.62,0,0.0577,294,66,0.209,2,1.6.0
20250719,4,RMSEMins,12.0460,14.00,0,0.0916,249,32,0.503,2,1.4.0
20250719,6,Precision,0.7079,0.71,1,0.0475,113,65,0.745,6,2.0.0
20250720,1,MAPE,8.7706,12.00,0,0.0384,125,196,0.695,1,2.3.0
20250720,2,NDCG@5,0.8447,0.82,0,0.0397,1024,51,0.395,1,3.1.0
20250720,3,QuoteAcceptRate,0.6649,0.62,0,0.1021,231,61,0.503,3,1.6.0
20250720,4,RMSEMins,12.3931,14.00,0,0.0708,196,43,0.233,3,1.4.0
20250720,6,Precision,0.7407,0.71,0,0.0779,89,62,0.267,0,2.0.0
20250721,1,MAPE,9.4691,12.00,0,0.0429,105,253,0.228,2,2.3.0
20250721,2,NDCG@5,0.8584,0.82,0,0.0810,862,45,0.487,2,3.1.0
20250721,3,QuoteAcceptRate,0.6594,0.62,0,0.0374,195,53,0.526,4,1.6.0
20250721,4,RMSEMins,14.0385,14.00,1,0.0264,165,33,0.421,4,1.4.0
20250721,6,Precision,0.7868,0.71,0,0.0689,75,63,0.473,1,2.0.0
20250722,1,MAPE,9.6255,12.00,0,0.0500,106,242,0.602,3,2.3.0
20250722,2,NDCG@5,0.8397,0.82,0,0.1055,874,57,0.505,3,3.1.0
20250722,3,QuoteAcceptRate,0.6269,0.62,0,0.0442,198,48,0.508,5,1.6.0
20250722,4,RMSEMins,12.9844,14.00,0,0.0250,167,37,0.332,5,1.4.0
20250722,6,Precision,0.7294,0.71,0,0.0936,76,71,0.596,2,2.0.0
20250723,1,MAPE,11.1458,12.00,0,0.0715,84,173,0.385,4,2.3.0
20250723,2,NDCG@5,0.8343,0.82,0,0.1040,690,44,0.728,4,3.1.0
20250723,3,QuoteAcceptRate,0.6608,0.62,0,0.0652,156,66,0.303,6,1.6.0
20250723,4,RMSEMins,11.5178,14.00,0,0.1062,132,36,0.588,6,1.4.0
20250723,6,Precision,0.7576,0.71,0,0.0707,60,64,0.238,3,2.0.0
20250724,1,MAPE,9.7314,12.00,0,0.0487,102,224,0.576,5,2.3.0
20250724,2,NDCG@5,0.8000,0.82,1,0.0394,840,47,0.609,5,3.1.0
20250724,3,QuoteAcceptRate,0.6465,0.62,0,0.0694,190,52,0.742,0,1.6.0
20250724,4,RMSEMins,11.9204,14.00,0,0.0562,161,40,0.799,0,1.4.0
20250724,6,Precision,0.7594,0.71,0,0.0681,73,57,0.718,4,2.0.0
20250725,1,MAPE,9.3113,12.00,0,0.0395,98,171,0.563,6,2.3.0
20250725,2,NDCG@5,0.8457,0.82,0,0.1071,805,52,0.332,6,3.1.0
20250725,3,QuoteAcceptRate,0.6373,0.62,0,0.0737,182,63,0.533,1,1.6.0
20250725,4,RMSEMins,13.6249,14.00,0,0.1045,154,41,0.780,1,1.4.0
20250725,6,Precision,0.7836,0.71,0,0.0223,70,54,0.739,5,2.0.0
20250726,1,MAPE,9.8283,12.00,0,0.0545,132,206,0.752,0,2.3.0
20250726,2,NDCG@5,0.8368,0.82,0,0.0856,1081,45,0.351,0,3.1.0
20250726,3,QuoteAcceptRate,0.6498,0.62,0,0.0449,244,64,0.633,2,1.6.0
20250726,4,RMSEMins,13.3617,14.00,0,0.0594,207,44,0.288,2,1.4.0
20250726,6,Precision,0.7770,0.71,0,0.0852,94,70,0.607,6,2.0.0
20250727,1,MAPE,10.7265,12.00,0,0.0609,146,238,0.456,1,2.3.0
20250727,2,NDCG@5,0.8441,0.82,0,0.0351,1196,48,0.395,1,3.1.0
20250727,3,QuoteAcceptRate,0.6950,0.62,0,0.0200,270,60,0.735,3,1.6.0
20250727,4,RMSEMins,13.3208,14.00,0,0.1080,229,33,0.447,3,1.4.0
20250727,6,Precision,0.7347,0.71,0,0.0684,104,68,0.415,0,2.0.0
20250728,1,MAPE,9.5221,12.00,0,0.0738,78,210,0.302,2,2.3.0
20250728,2,NDCG@5,0.8623,0.82,0,0.0228,644,48,0.796,2,3.1.0
20250728,3,QuoteAcceptRate,0.6326,0.62,0,0.0826,146,48,0.293,4,1.6.0
20250728,4,RMSEMins,12.3597,14.00,0,0.0752,123,40,0.315,4,1.4.0
20250728,6,Precision,0.7451,0.71,0,0.0861,56,75,0.770,1,2.0.0
20250729,1,MAPE,9.3100,12.00,0,0.0512,88,211,0.474,3,2.3.0
20250729,2,NDCG@5,0.8431,0.82,0,0.0449,724,51,0.637,3,3.1.0
20250729,3,QuoteAcceptRate,0.6628,0.62,0,0.0717,164,71,0.369,5,1.6.0
20250729,4,RMSEMins,13.0408,14.00,0,0.0599,139,33,0.747,5,1.4.0
20250729,6,Precision,0.7432,0.71,0,0.0954,63,61,0.682,2,2.0.0
20250730,1,MAPE,8.7382,12.00,0,0.0460,95,206,0.215,4,2.3.0
20250730,2,NDCG@5,0.8465,0.82,0,0.0868,782,51,0.378,4,3.1.0
20250730,3,QuoteAcceptRate,0.6198,0.62,1,0.0859,177,55,0.464,6,1.6.0
20250730,4,RMSEMins,13.1341,14.00,0,0.0458,150,31,0.699,6,1.4.0
20250730,6,Precision,0.7734,0.71,0,0.0560,68,58,0.304,3,2.0.0
20250731,1,MAPE,8.7062,12.00,0,0.0582,66,192,0.511,5,2.3.0
20250731,2,NDCG@5,0.8390,0.82,0,0.0216,540,49,0.743,5,3.1.0
20250731,3,QuoteAcceptRate,0.6632,0.62,0,0.0641,122,69,0.564,0,1.6.0
20250731,4,RMSEMins,13.8725,14.00,0,0.0796,103,38,0.368,0,1.4.0
20250731,6,Precision,0.7632,0.71,0,0.0874,47,59,0.535,4,2.0.0
20250801,1,MAPE,9.5167,12.00,0,0.0656,56,182,0.532,6,2.3.0
20250801,2,NDCG@5,0.8426,0.82,0,0.0270,460,52,0.425,6,3.1.0
20250801,3,QuoteAcceptRate,0.6551,0.62,0,0.0233,104,68,0.810,1,1.6.0
20250801,4,RMSEMins,11.7842,14.00,0,0.0442,88,40,0.850,1,1.4.0
20250801,5,AUC,0.8280,0.79,0,0.0949,36,195,0.848,0,1.2.0
20250801,6,Precision,0.7871,0.71,0,0.0716,40,67,0.592,5,2.0.0
20250802,1,MAPE,9.1325,12.00,0,0.0379,136,218,0.519,0,2.3.0
20250802,2,NDCG@5,0.8476,0.82,0,0.0777,1116,55,0.478,0,3.1.0
20250802,3,QuoteAcceptRate,0.6476,0.62,0,0.0464,252,67,0.434,2,1.6.0
20250802,4,RMSEMins,13.1335,14.00,0,0.0255,213,34,0.492,2,1.4.0
20250802,5,AUC,0.8076,0.79,0,0.0948,87,197,0.376,1,1.2.0
20250802,6,Precision,0.6891,0.71,1,0.0786,97,62,0.277,6,2.0.0
20250803,1,MAPE,8.1926,12.00,0,0.0432,106,219,0.528,1,2.3.0
20250803,2,NDCG@5,0.8522,0.82,0,0.0270,874,40,0.261,1,3.1.0
20250803,3,QuoteAcceptRate,0.6535,0.62,0,0.0986,198,59,0.568,3,1.6.0
20250803,4,RMSEMins,13.3813,14.00,0,0.1035,167,39,0.256,3,1.4.0
20250803,5,AUC,0.7986,0.79,0,0.0554,68,146,0.392,2,1.2.0
20250803,6,Precision,0.7472,0.71,0,0.0979,76,82,0.694,0,2.0.0
20250804,1,MAPE,9.7168,12.00,0,0.0589,80,206,0.829,2,2.3.0
20250804,2,NDCG@5,0.8275,0.82,0,0.0585,656,44,0.391,2,3.1.0
20250804,3,QuoteAcceptRate,0.6308,0.62,0,0.0973,148,58,0.246,4,1.6.0
20250804,4,RMSEMins,12.2869,14.00,0,0.0576,125,41,0.732,4,1.4.0
20250804,5,AUC,0.7889,0.79,1,0.0749,51,129,0.632,3,1.2.0
20250804,6,Precision,0.7529,0.71,0,0.0923,57,71,0.262,1,2.0.0
20250805,1,MAPE,9.5617,12.00,0,0.0501,74,220,0.741,3,2.3.0
20250805,2,NDCG@5,0.8337,0.82,0,0.0412,610,56,0.639,3,3.1.0
20250805,3,QuoteAcceptRate,0.6773,0.62,0,0.0745,138,59,0.623,5,1.6.0
20250805,4,RMSEMins,11.9921,14.00,0,0.0514,117,36,0.700,5,1.4.0
20250805,5,AUC,0.7991,0.79,0,0.0970,48,126,0.454,4,1.2.0
20250805,6,Precision,0.7443,0.71,0,0.0985,53,72,0.706,2,2.0.0
20250806,1,MAPE,9.6017,12.00,0,0.0582,106,207,0.565,4,2.3.0
20250806,2,NDCG@5,0.8381,0.82,0,0.0201,874,47,0.208,4,3.1.0
20250806,3,QuoteAcceptRate,0.6309,0.62,0,0.0458,198,62,0.398,6,1.6.0
20250806,4,RMSEMins,12.3153,14.00,0,0.1082,167,33,0.207,6,1.4.0
20250806,5,AUC,0.8042,0.79,0,0.0940,68,155,0.420,5,1.2.0
20250806,6,Precision,0.7823,0.71,0,0.0334,76,68,0.692,3,2.0.0
20250807,1,MAPE,9.1123,12.00,0,0.0637,106,263,0.453,5,2.3.0
20250807,2,NDCG@5,0.8402,0.82,0,0.0536,874,45,0.729,5,3.1.0
20250807,3,QuoteAcceptRate,0.6370,0.62,0,0.0500,198,54,0.725,0,1.6.0
20250807,4,RMSEMins,14.1022,14.00,1,0.0931,167,34,0.697,0,1.4.0
20250807,5,AUC,0.8145,0.79,0,0.0694,68,175,0.668,6,1.2.0
20250807,6,Precision,0.7662,0.71,0,0.0732,76,88,0.413,4,2.0.0
20250808,1,MAPE,9.8855,12.00,0,0.0624,88,200,0.754,6,2.3.0
20250808,2,NDCG@5,0.8599,0.82,0,0.0955,724,41,0.774,6,3.1.0
20250808,3,QuoteAcceptRate,0.7006,0.62,0,0.0726,164,75,0.379,1,1.6.0
20250808,4,RMSEMins,13.3629,14.00,0,0.0970,139,46,0.714,1,1.4.0
20250808,5,AUC,0.8104,0.79,0,0.0396,57,166,0.626,0,1.2.0
20250808,6,Precision,0.7499,0.71,0,0.0791,63,64,0.299,5,2.0.0
20250809,1,MAPE,9.4520,12.00,0,0.0520,134,210,0.385,0,2.3.0
20250809,2,NDCG@5,0.8311,0.82,0,0.0803,1104,45,0.323,0,3.1.0
20250809,3,QuoteAcceptRate,0.6481,0.62,0,0.1009,250,54,0.803,2,1.6.0
20250809,4,RMSEMins,13.0935,14.00,0,0.0380,211,38,0.445,2,1.4.0
20250809,5,AUC,0.8055,0.79,0,0.0650,86,150,0.511,1,1.2.0
20250809,6,Precision,0.7415,0.71,0,0.0810,96,69,0.384,6,2.0.0
20250810,1,MAPE,8.8608,12.00,0,0.0499,123,215,0.794,1,2.3.0
20250810,2,NDCG@5,0.8449,0.82,0,0.0572,1012,50,0.844,1,3.1.0
20250810,3,QuoteAcceptRate,0.6444,0.62,0,0.0342,229,56,0.721,3,1.6.0
20250810,4,RMSEMins,12.0084,14.00,0,0.0322,194,25,0.531,3,1.4.0
20250810,5,AUC,0.8056,0.79,0,0.0339,79,161,0.260,2,1.2.0
20250810,6,Precision,0.7519,0.71,0,0.0942,88,73,0.287,0,2.0.0
20250811,1,MAPE,9.1256,12.00,0,0.0560,91,189,0.376,2,2.3.0
20250811,2,NDCG@5,0.8426,0.82,0,0.0919,748,51,0.616,2,3.1.0
20250811,3,QuoteAcceptRate,0.6459,0.62,0,0.0277,169,68,0.377,4,1.6.0
20250811,4,RMSEMins,12.6439,14.00,0,0.0718,143,46,0.849,4,1.4.0
20250811,5,AUC,0.8148,0.79,0,0.0767,58,139,0.530,3,1.2.0
20250811,6,Precision,0.7021,0.71,1,0.0971,65,68,0.537,1,2.0.0
20250812,1,MAPE,9.3385,12.00,0,0.0671,105,207,0.729,3,2.3.0
20250812,2,NDCG@5,0.8335,0.82,0,0.0624,862,48,0.502,3,3.1.0
20250812,3,QuoteAcceptRate,0.6469,0.62,0,0.0384,195,59,0.632,5,1.6.0
20250812,4,RMSEMins,13.0072,14.00,0,0.0536,165,37,0.387,5,1.4.0
20250812,5,AUC,0.8198,0.79,0,0.1084,68,159,0.621,4,1.2.0
20250812,6,Precision,0.7119,0.71,0,0.0205,75,57,0.355,2,2.0.0
20250813,1,MAPE,8.6949,12.00,0,0.0355,83,223,0.645,4,2.3.0
20250813,2,NDCG@5,0.8507,0.82,0,0.0597,678,56,0.612,4,3.1.0
20250813,3,QuoteAcceptRate,0.5943,0.62,1,0.0649,153,50,0.458,6,1.6.0
20250813,4,RMSEMins,13.2266,14.00,0,0.0437,130,31,0.364,6,1.4.0
20250813,5,AUC,0.8188,0.79,0,0.0748,53,152,0.267,5,1.2.0
20250813,6,Precision,0.7733,0.71,0,0.0763,59,58,0.542,3,2.0.0
20250814,1,MAPE,9.4505,12.00,0,0.0627,83,244,0.265,5,2.3.0
20250814,2,NDCG@5,0.8487,0.82,0,0.0300,678,56,0.609,5,3.1.0
20250814,3,QuoteAcceptRate,0.6595,0.62,0,0.0494,153,54,0.764,0,1.6.0
20250814,4,RMSEMins,12.2954,14.00,0,0.0399,130,37,0.258,0,1.4.0
20250814,5,AUC,0.8162,0.79,0,0.0656,53,158,0.294,6,1.2.0
20250814,6,Precision,0.7763,0.71,0,0.0235,59,72,0.845,4,2.0.0
20250815,1,MAPE,10.0044,12.00,0,0.0438,76,239,0.618,6,2.3.0
20250815,2,NDCG@5,0.8414,0.82,0,0.0624,621,52,0.408,6,3.1.0
20250815,3,QuoteAcceptRate,0.6515,0.62,0,0.0469,140,74,0.835,1,1.6.0
20250815,4,RMSEMins,13.8513,14.00,0,0.0994,119,39,0.401,1,1.4.0
20250815,5,AUC,0.7968,0.79,0,0.0683,49,118,0.322,0,1.2.0
20250815,6,Precision,0.7414,0.71,0,0.0982,54,80,0.207,5,2.0.0
20250816,1,MAPE,8.3081,12.00,0,0.0491,154,244,0.770,0,2.3.0
20250816,2,NDCG@5,0.8643,0.82,0,0.0560,1265,41,0.280,0,3.1.0
20250816,3,QuoteAcceptRate,0.6502,0.62,0,0.0591,286,54,0.686,2,1.6.0
20250816,4,RMSEMins,13.1315,14.00,0,0.0468,242,33,0.713,2,1.4.0
20250816,5,AUC,0.8056,0.79,0,0.0520,99,138,0.320,1,1.2.0
20250816,6,Precision,0.7458,0.71,0,0.0886,110,70,0.493,6,2.0.0
20250817,1,MAPE,9.2736,12.00,0,0.0643,130,198,0.616,1,2.3.0
20250817,2,NDCG@5,0.8322,0.82,0,0.0890,1070,55,0.272,1,3.1.0
20250817,3,QuoteAcceptRate,0.5925,0.62,1,0.1043,242,68,0.522,3,1.6.0
20250817,4,RMSEMins,12.2069,14.00,0,0.0296,205,36,0.324,3,1.4.0
20250817,5,AUC,0.8214,0.79,0,0.0383,84,154,0.638,2,1.2.0
20250817,6,Precision,0.7432,0.71,0,0.0676,93,72,0.699,0,2.0.0
20250818,1,MAPE,8.1673,12.00,0,0.0410,67,245,0.217,2,2.3.0
20250818,2,NDCG@5,0.8338,0.82,0,0.0328,552,47,0.311,2,3.1.0
20250818,3,QuoteAcceptRate,0.6573,0.62,0,0.0260,125,53,0.848,4,1.6.0
20250818,4,RMSEMins,12.2656,14.00,0,0.0284,106,46,0.317,4,1.4.0
20250818,5,AUC,0.8293,0.79,0,0.0360,43,150,0.570,3,1.2.0
20250818,6,Precision,0.7624,0.71,0,0.0343,48,59,0.290,1,2.0.0
20250819,1,MAPE,8.9010,12.00,0,0.0468,91,211,0.446,3,2.3.0
20250819,2,NDCG@5,0.8366,0.82,0,0.0711,748,59,0.565,3,3.1.0
20250819,3,QuoteAcceptRate,0.6676,0.62,0,0.1077,169,59,0.679,5,1.6.0
20250819,4,RMSEMins,12.0050,14.00,0,0.1008,143,42,0.742,5,1.4.0
20250819,5,AUC,0.8115,0.79,0,0.0556,58,115,0.838,4,1.2.0
20250819,6,Precision,0.7381,0.71,0,0.0733,65,63,0.517,2,2.0.0
20250820,1,MAPE,9.3108,12.00,0,0.0584,84,196,0.495,4,2.3.0
20250820,2,NDCG@5,0.8560,0.82,0,0.0210,690,61,0.698,4,3.1.0
20250820,3,QuoteAcceptRate,0.6486,0.62,0,0.0636,156,55,0.648,6,1.6.0
20250820,4,RMSEMins,12.0367,14.00,0,0.0420,132,43,0.357,6,1.4.0
20250820,5,AUC,0.8190,0.79,0,0.0368,54,209,0.693,5,1.2.0
20250820,6,Precision,0.7487,0.71,0,0.0473,60,103,0.482,3,2.0.0
20250821,1,MAPE,9.1902,12.00,0,0.0681,120,160,0.738,5,2.3.0
20250821,2,NDCG@5,0.8450,0.82,0,0.0285,989,43,0.377,5,3.1.0
20250821,3,QuoteAcceptRate,0.6711,0.62,0,0.0840,224,46,0.494,0,1.6.0
20250821,4,RMSEMins,12.9129,14.00,0,0.0300,189,32,0.692,0,1.4.0
20250821,5,AUC,0.7848,0.79,1,0.0973,77,134,0.446,6,1.2.0
20250821,6,Precision,0.7534,0.71,0,0.1013,86,89,0.348,4,2.0.0
20250822,1,MAPE,9.2397,12.00,0,0.0570,111,180,0.235,6,2.3.0
20250822,2,NDCG@5,0.8439,0.82,0,0.0229,908,38,0.651,6,3.1.0
20250822,3,QuoteAcceptRate,0.6707,0.62,0,0.0396,205,66,0.341,1,1.6.0
20250822,4,RMSEMins,11.6214,14.00,0,0.0476,174,39,0.763,1,1.4.0
20250822,5,AUC,0.8166,0.79,0,0.0652,71,128,0.365,0,1.2.0
20250822,6,Precision,0.7756,0.71,0,0.0682,79,66,0.537,5,2.0.0
20250823,1,MAPE,9.6378,12.00,0,0.0674,101,233,0.369,0,2.3.0
20250823,2,NDCG@5,0.8392,0.82,0,0.0963,828,45,0.371,0,3.1.0
20250823,3,QuoteAcceptRate,0.6513,0.62,0,0.0810,187,59,0.486,2,1.6.0
20250823,4,RMSEMins,11.8812,14.00,0,0.0776,158,42,0.277,2,1.4.0
20250823,5,AUC,0.8114,0.79,0,0.0475,65,168,0.431,1,1.2.0
20250823,6,Precision,0.7415,0.71,0,0.0540,72,94,0.735,6,2.0.0
20250824,1,MAPE,9.0552,12.00,0,0.0394,148,193,0.289,1,2.3.0
20250824,2,NDCG@5,0.8595,0.82,0,0.0722,1219,47,0.689,1,3.1.0
20250824,3,QuoteAcceptRate,0.6431,0.62,0,0.0653,276,66,0.802,3,1.6.0
20250824,4,RMSEMins,13.9317,14.00,0,0.0301,233,52,0.653,3,1.4.0
20250824,5,AUC,0.8213,0.79,0,0.0928,95,164,0.375,2,1.2.0
20250824,6,Precision,0.7181,0.71,0,0.0247,106,62,0.227,0,2.0.0
20250825,1,MAPE,8.6836,12.00,0,0.0427,108,209,0.533,2,2.3.0
20250825,2,NDCG@5,0.8449,0.82,0,0.0630,886,43,0.360,2,3.1.0
20250825,3,QuoteAcceptRate,0.6668,0.62,0,0.0747,200,70,0.262,4,1.6.0
20250825,4,RMSEMins,13.6283,14.00,0,0.0452,169,35,0.716,4,1.4.0
20250825,5,AUC,0.8307,0.79,0,0.0748,69,153,0.382,3,1.2.0
20250825,6,Precision,0.7599,0.71,0,0.0847,77,88,0.448,1,2.0.0
20250826,1,MAPE,8.4862,12.00,0,0.0476,92,205,0.709,3,2.3.0
20250826,2,NDCG@5,0.8374,0.82,0,0.0365,759,65,0.709,3,3.1.0
20250826,3,QuoteAcceptRate,0.6629,0.62,0,0.0978,172,62,0.758,5,1.6.0
20250826,4,RMSEMins,12.2267,14.00,0,0.0921,145,42,0.456,5,1.4.0
20250826,5,AUC,0.7985,0.79,0,0.0543,59,171,0.786,4,1.2.0
20250826,6,Precision,0.7513,0.71,0,0.0658,66,69,0.233,2,2.0.0
20250827,1,MAPE,7.3440,12.00,0,0.0624,77,229,0.836,4,2.3.0
20250827,2,NDCG@5,0.8433,0.82,0,0.0689,632,50,0.609,4,3.1.0
20250827,3,QuoteAcceptRate,0.6479,0.62,0,0.0532,143,58,0.248,6,1.6.0
20250827,4,RMSEMins,12.4450,14.00,0,0.0701,121,38,0.461,6,1.4.0
20250827,5,AUC,0.8242,0.79,0,0.0796,50,157,0.230,5,1.2.0
20250827,6,Precision,0.7552,0.71,0,0.0230,55,76,0.312,3,2.0.0
20250828,1,MAPE,9.3916,12.00,0,0.0360,112,189,0.521,5,2.3.0
20250828,2,NDCG@5,0.8256,0.82,0,0.0837,920,51,0.566,5,3.1.0
20250828,3,QuoteAcceptRate,0.6388,0.62,0,0.0982,208,69,0.472,0,1.6.0
20250828,4,RMSEMins,12.5241,14.00,0,0.0496,176,41,0.643,0,1.4.0
20250828,5,AUC,0.7912,0.79,0,0.0713,72,155,0.780,6,1.2.0
20250828,6,Precision,0.7379,0.71,0,0.0593,80,66,0.672,4,2.0.0
20250829,1,MAPE,9.0854,12.00,0,0.0369,63,213,0.271,6,2.3.0
20250829,2,NDCG@5,0.8501,0.82,0,0.0763,518,53,0.785,6,3.1.0
20250829,3,QuoteAcceptRate,0.6382,0.62,0,0.0282,117,72,0.831,1,1.6.0
20250829,4,RMSEMins,13.5520,14.00,0,0.0458,99,33,0.690,1,1.4.0
20250829,5,AUC,0.8197,0.79,0,0.0245,40,138,0.646,0,1.2.0
20250829,6,Precision,0.7373,0.71,0,0.0242,45,59,0.445,5,2.0.0
20250830,1,MAPE,9.8127,12.00,0,0.0488,97,178,0.822,0,2.3.0
20250830,2,NDCG@5,0.8365,0.82,0,0.0577,794,53,0.748,0,3.1.0
20250830,3,QuoteAcceptRate,0.6345,0.62,0,0.0802,179,58,0.374,2,1.6.0
20250830,4,RMSEMins,12.4221,14.00,0,0.0374,152,37,0.510,2,1.4.0
20250830,5,AUC,0.8117,0.79,0,0.0734,62,162,0.384,1,1.2.0
20250830,6,Precision,0.7920,0.71,0,0.0327,69,72,0.448,6,2.0.0
20250831,1,MAPE,9.1861,12.00,0,0.0382,130,234,0.467,1,2.3.0
20250831,2,NDCG@5,0.8292,0.82,0,0.0679,1070,52,0.538,1,3.1.0
20250831,3,QuoteAcceptRate,0.6433,0.62,0,0.0341,242,56,0.439,3,1.6.0
20250831,4,RMSEMins,11.7285,14.00,0,0.0242,205,39,0.378,3,1.4.0
20250831,5,AUC,0.8200,0.79,0,0.0511,84,124,0.781,2,1.2.0
20250831,6,Precision,0.7659,0.71,0,0.0831,93,70,0.823,0,2.0.0
20250901,1,MAPE,10.2793,12.00,0,0.0588,109,197,0.300,2,2.3.0
20250901,2,NDCG@5,0.8396,0.82,0,0.0827,897,39,0.711,2,3.1.0
20250901,3,QuoteAcceptRate,0.6738,0.62,0,0.0935,203,50,0.652,4,1.6.0
20250901,4,RMSEMins,12.4854,14.00,0,0.0312,172,43,0.764,4,1.4.0
20250901,5,AUC,0.8196,0.79,0,0.1029,70,156,0.272,3,1.2.0
20250901,6,Precision,0.7264,0.71,0,0.0819,78,70,0.801,1,2.0.0
20250902,1,MAPE,9.3095,12.00,0,0.0618,91,255,0.714,3,2.3.0
20250902,2,NDCG@5,0.8582,0.82,0,0.0964,748,49,0.206,3,3.1.0
20250902,3,QuoteAcceptRate,0.6599,0.62,0,0.0218,169,63,0.330,5,1.6.0
20250902,4,RMSEMins,13.0041,14.00,0,0.0836,143,38,0.204,5,1.4.0
20250902,5,AUC,0.8438,0.79,0,0.0365,58,159,0.745,4,1.2.0
20250902,6,Precision,0.7420,0.71,0,0.0207,65,88,0.444,2,2.0.0
20250903,1,MAPE,8.9679,12.00,0,0.0445,95,238,0.832,4,2.3.0
20250903,2,NDCG@5,0.8443,0.82,0,0.0554,782,57,0.469,4,3.1.0
20250903,3,QuoteAcceptRate,0.6488,0.62,0,0.1030,177,60,0.229,6,1.6.0
20250903,4,RMSEMins,13.0065,14.00,0,0.0932,150,29,0.503,6,1.4.0
20250903,5,AUC,0.8258,0.79,0,0.0731,61,177,0.698,5,1.2.0
20250903,6,Precision,0.7714,0.71,0,0.0290,68,74,0.578,3,2.0.0
20250904,1,MAPE,8.8410,12.00,0,0.0409,99,205,0.835,5,2.3.0
20250904,2,NDCG@5,0.8497,0.82,0,0.0377,816,39,0.206,5,3.1.0
20250904,3,QuoteAcceptRate,0.6163,0.62,1,0.0367,185,58,0.848,0,1.6.0
20250904,4,RMSEMins,13.7109,14.00,0,0.0925,156,45,0.319,0,1.4.0
20250904,5,AUC,0.7995,0.79,0,0.0619,64,188,0.763,6,1.2.0
20250904,6,Precision,0.8142,0.71,0,0.0453,71,69,0.519,4,2.0.0
20250905,1,MAPE,8.5086,12.00,0,0.0543,102,178,0.457,6,2.3.0
20250905,2,NDCG@5,0.8301,0.82,0,0.0332,840,38,0.632,6,3.1.0
20250905,3,QuoteAcceptRate,0.6551,0.62,0,0.0491,190,65,0.333,1,1.6.0
20250905,4,RMSEMins,13.7172,14.00,0,0.0978,161,36,0.736,1,1.4.0
20250905,5,AUC,0.8061,0.79,0,0.0431,66,144,0.812,0,1.2.0
20250905,6,Precision,0.7597,0.71,0,0.0598,73,82,0.280,5,2.0.0
20250906,1,MAPE,8.5790,12.00,0,0.0659,165,250,0.580,0,2.3.0
20250906,2,NDCG@5,0.8415,0.82,0,0.0908,1357,46,0.367,0,3.1.0
20250906,3,QuoteAcceptRate,0.6467,0.62,0,0.0422,307,66,0.424,2,1.6.0
20250906,4,RMSEMins,13.6386,14.00,0,0.0427,260,41,0.346,2,1.4.0
20250906,5,AUC,0.8047,0.79,0,0.0554,106,128,0.354,1,1.2.0
20250906,6,Precision,0.7417,0.71,0,0.0388,118,76,0.617,6,2.0.0
20250907,1,MAPE,8.6115,12.00,0,0.0539,169,177,0.758,1,2.3.0
20250907,2,NDCG@5,0.8425,0.82,0,0.1055,1392,45,0.208,1,3.1.0
20250907,3,QuoteAcceptRate,0.6712,0.62,0,0.0802,315,59,0.536,3,1.6.0
20250907,4,RMSEMins,12.8078,14.00,0,0.0907,266,33,0.738,3,1.4.0
20250907,5,AUC,0.7963,0.79,0,0.0281,109,159,0.373,2,1.2.0
20250907,6,Precision,0.7544,0.71,0,0.0272,121,79,0.842,0,2.0.0
20250908,1,MAPE,9.4110,12.00,0,0.0652,97,194,0.721,2,2.3.0
20250908,2,NDCG@5,0.8374,0.82,0,0.0752,794,44,0.358,2,3.1.0
20250908,3,QuoteAcceptRate,0.6486,0.62,0,0.0360,179,60,0.703,4,1.6.0
20250908,4,RMSEMins,13.6259,14.00,0,0.1048,152,39,0.237,4,1.4.0
20250908,5,AUC,0.8060,0.79,0,0.0272,62,142,0.789,3,1.2.0
20250908,6,Precision,0.7685,0.71,0,0.0333,69,69,0.334,1,2.0.0
20250909,1,MAPE,8.6843,12.00,0,0.0575,109,194,0.514,3,2.3.0
20250909,2,NDCG@5,0.8249,0.82,0,0.0573,897,52,0.500,3,3.1.0
20250909,3,QuoteAcceptRate,0.6422,0.62,0,0.0853,203,67,0.449,5,1.6.0
20250909,4,RMSEMins,12.3907,14.00,0,0.0238,172,33,0.817,5,1.4.0
20250909,5,AUC,0.7965,0.79,0,0.0936,70,159,0.216,4,1.2.0
20250909,6,Precision,0.7522,0.71,0,0.0960,78,60,0.588,2,2.0.0
20250910,1,MAPE,9.8215,12.00,0,0.0654,101,223,0.221,4,2.3.0
20250910,2,NDCG@5,0.8451,0.82,0,0.0220,828,37,0.379,4,3.1.0
20250910,3,QuoteAcceptRate,0.6506,0.62,0,0.0956,187,54,0.452,6,1.6.0
20250910,4,RMSEMins,12.3645,14.00,0,0.0252,158,44,0.545,6,1.4.0
20250910,5,AUC,0.8275,0.79,0,0.1072,65,137,0.346,5,1.2.0
20250910,6,Precision,0.7422,0.71,0,0.1001,72,62,0.265,3,2.0.0
20250911,1,MAPE,9.1811,12.00,0,0.0660,122,179,0.575,5,2.3.0
20250911,2,NDCG@5,0.8663,0.82,0,0.0678,1000,51,0.395,5,3.1.0
20250911,3,QuoteAcceptRate,0.6506,0.62,0,0.0463,226,69,0.402,0,1.6.0
20250911,4,RMSEMins,12.2345,14.00,0,0.0640,191,37,0.404,0,1.4.0
20250911,5,AUC,0.8163,0.79,0,0.0805,78,125,0.228,6,1.2.0
20250911,6,Precision,0.7555,0.71,0,0.0708,87,72,0.821,4,2.0.0
20250912,1,MAPE,8.7488,12.00,0,0.0719,91,244,0.600,6,2.3.0
20250912,2,NDCG@5,0.8423,0.82,0,0.0237,748,58,0.330,6,3.1.0
20250912,3,QuoteAcceptRate,0.6471,0.62,0,0.0728,169,83,0.619,1,1.6.0
20250912,4,RMSEMins,13.2961,14.00,0,0.0644,143,42,0.426,1,1.4.0
20250912,5,AUC,0.7986,0.79,0,0.0862,58,143,0.353,0,1.2.0
20250912,6,Precision,0.7675,0.71,0,0.0372,65,68,0.636,5,2.0.0
20250913,1,MAPE,8.5465,12.00,0,0.0354,155,229,0.847,0,2.3.0
20250913,2,NDCG@5,0.8263,0.82,0,0.0532,1276,44,0.348,0,3.1.0
20250913,3,QuoteAcceptRate,0.6698,0.62,0,0.0331,289,65,0.474,2,1.6.0
20250913,4,RMSEMins,13.4289,14.00,0,0.0689,244,40,0.427,2,1.4.0
20250913,5,AUC,0.8042,0.79,0,0.0289,100,158,0.721,1,1.2.0
20250913,6,Precision,0.7816,0.71,0,0.0988,111,63,0.369,6,2.0.0
20250914,1,MAPE,8.5657,12.00,0,0.0510,171,242,0.778,1,2.3.0
20250914,2,NDCG@5,0.8339,0.82,0,0.0784,1403,48,0.377,1,3.1.0
20250914,3,QuoteAcceptRate,0.6672,0.62,0,0.0935,317,60,0.330,3,1.6.0
20250914,4,RMSEMins,11.7005,14.00,0,0.0385,268,38,0.786,3,1.4.0
20250914,5,AUC,0.8083,0.79,0,0.0755,110,157,0.393,2,1.2.0
20250914,6,Precision,0.7548,0.71,0,0.0562,122,91,0.842,0,2.0.0
20250915,1,MAPE,8.3900,12.00,0,0.0480,98,160,0.579,2,2.3.0
20250915,2,NDCG@5,0.8633,0.82,0,0.0876,805,40,0.744,2,3.1.0
20250915,3,QuoteAcceptRate,0.6734,0.62,0,0.0518,182,63,0.203,4,1.6.0
20250915,4,RMSEMins,12.7599,14.00,0,0.0545,154,36,0.792,4,1.4.0
20250915,5,AUC,0.8379,0.79,0,0.0425,63,154,0.374,3,1.2.0
20250915,6,Precision,0.7714,0.71,0,0.0335,70,86,0.609,1,2.0.0
20250916,1,MAPE,8.9886,12.00,0,0.0497,94,228,0.838,3,2.3.0
20250916,2,NDCG@5,0.8288,0.82,0,0.0216,770,41,0.760,3,3.1.0
20250916,3,QuoteAcceptRate,0.6464,0.62,0,0.0795,174,55,0.528,5,1.6.0
20250916,4,RMSEMins,12.7705,14.00,0,0.0899,147,35,0.338,5,1.4.0
20250916,5,AUC,0.8208,0.79,0,0.0410,60,134,0.525,4,1.2.0
20250916,6,Precision,0.7643,0.71,0,0.0868,67,79,0.824,2,2.0.0
20250917,1,MAPE,9.3055,12.00,0,0.0358,116,193,0.466,4,2.3.0
20250917,2,NDCG@5,0.8369,0.82,0,0.1046,954,40,0.314,4,3.1.0
20250917,3,QuoteAcceptRate,0.6708,0.62,0,0.0258,216,70,0.418,6,1.6.0
20250917,4,RMSEMins,13.3159,14.00,0,0.0797,183,34,0.536,6,1.4.0
20250917,5,AUC,0.8311,0.79,0,0.0973,75,164,0.526,5,1.2.0
20250917,6,Precision,0.7581,0.71,0,0.0380,83,80,0.658,3,2.0.0
20250918,1,MAPE,9.5851,12.00,0,0.0712,94,199,0.583,5,2.3.0
20250918,2,NDCG@5,0.8450,0.82,0,0.0660,770,54,0.798,5,3.1.0
20250918,3,QuoteAcceptRate,0.6377,0.62,0,0.0697,174,60,0.827,0,1.6.0
20250918,4,RMSEMins,12.3785,14.00,0,0.0609,147,38,0.348,0,1.4.0
20250918,5,AUC,0.7957,0.79,0,0.0346,60,120,0.391,6,1.2.0
20250918,6,Precision,0.7351,0.71,0,0.0488,67,63,0.645,4,2.0.0
20250919,1,MAPE,8.8190,12.00,0,0.0517,101,240,0.315,6,2.3.0
20250919,2,NDCG@5,0.8281,0.82,0,0.1034,828,46,0.419,6,3.1.0
20250919,3,QuoteAcceptRate,0.6623,0.62,0,0.1057,187,70,0.563,1,1.6.0
20250919,4,RMSEMins,13.5254,14.00,0,0.1098,158,34,0.701,1,1.4.0
20250919,5,AUC,0.7984,0.79,0,0.0296,65,156,0.455,0,1.2.0
20250919,6,Precision,0.7734,0.71,0,0.0311,72,55,0.421,5,2.0.0
20250920,1,MAPE,8.5450,12.00,0,0.0552,130,193,0.649,0,2.3.0
20250920,2,NDCG@5,0.8393,0.82,0,0.0252,1070,44,0.831,0,3.1.0
20250920,3,QuoteAcceptRate,0.6507,0.62,0,0.0233,242,67,0.397,2,1.6.0
20250920,4,RMSEMins,12.8587,14.00,0,0.0312,205,38,0.306,2,1.4.0
20250920,5,AUC,0.7994,0.79,0,0.0555,84,150,0.679,1,1.2.0
20250920,6,Precision,0.7174,0.71,0,0.0898,93,69,0.510,6,2.0.0
20250921,1,MAPE,8.9315,12.00,0,0.0647,148,213,0.504,1,2.3.0
20250921,2,NDCG@5,0.8304,0.82,0,0.0506,1219,48,0.487,1,3.1.0
20250921,3,QuoteAcceptRate,0.6396,0.62,0,0.0544,276,67,0.273,3,1.6.0
20250921,4,RMSEMins,13.1432,14.00,0,0.0696,233,41,0.824,3,1.4.0
20250921,5,AUC,0.8237,0.79,0,0.0298,95,141,0.654,2,1.2.0
20250921,6,Precision,0.7722,0.71,0,0.0761,106,55,0.510,0,2.0.0
20250922,1,MAPE,9.4751,12.00,0,0.0707,99,281,0.752,2,2.3.0
20250922,2,NDCG@5,0.8352,0.82,0,0.0921,816,47,0.695,2,3.1.0
20250922,3,QuoteAcceptRate,0.6461,0.62,0,0.0710,185,56,0.597,4,1.6.0
20250922,4,RMSEMins,12.5796,14.00,0,0.0474,156,44,0.628,4,1.4.0
20250922,5,AUC,0.8408,0.79,0,0.1059,64,171,0.827,3,1.2.0
20250922,6,Precision,0.7476,0.71,0,0.0597,71,72,0.486,1,2.0.0
20250923,1,MAPE,9.4322,12.00,0,0.0719,104,253,0.265,3,2.3.0
20250923,2,NDCG@5,0.8361,0.82,0,0.1026,851,47,0.396,3,3.1.0
20250923,3,QuoteAcceptRate,0.6575,0.62,0,0.0506,192,59,0.565,5,1.6.0
20250923,4,RMSEMins,12.6526,14.00,0,0.0229,163,33,0.209,5,1.4.0
20250923,5,AUC,0.8244,0.79,0,0.0698,67,130,0.332,4,1.2.0
20250923,6,Precision,0.7374,0.71,0,0.0300,74,72,0.836,2,2.0.0
20250924,1,MAPE,8.6389,12.00,0,0.0413,115,179,0.766,4,2.3.0
20250924,2,NDCG@5,0.8387,0.82,0,0.0696,943,47,0.230,4,3.1.0
20250924,3,QuoteAcceptRate,0.6502,0.62,0,0.0715,213,64,0.262,6,1.6.0
20250924,4,RMSEMins,13.1960,14.00,0,0.0253,180,34,0.419,6,1.4.0
20250924,5,AUC,0.8081,0.79,0,0.0969,74,132,0.283,5,1.2.0
20250924,6,Precision,0.7593,0.71,0,0.0392,82,77,0.753,3,2.0.0
20250925,1,MAPE,8.7682,12.00,0,0.0510,104,184,0.717,5,2.3.0
20250925,2,NDCG@5,0.8340,0.82,0,0.0440,851,57,0.723,5,3.1.0
20250925,3,QuoteAcceptRate,0.6468,0.62,0,0.0841,192,67,0.698,0,1.6.0
20250925,4,RMSEMins,13.9233,14.00,0,0.0468,163,36,0.316,0,1.4.0
20250925,5,AUC,0.8239,0.79,0,0.0973,67,167,0.204,6,1.2.0
20250925,6,Precision,0.7767,0.71,0,0.0837,74,66,0.746,4,2.0.0
20250926,1,MAPE,8.6377,12.00,0,0.0462,90,220,0.230,6,2.3.0
20250926,2,NDCG@5,0.8295,0.82,0,0.0725,736,54,0.214,6,3.1.0
20250926,3,QuoteAcceptRate,0.6400,0.62,0,0.0615,166,68,0.414,1,1.6.0
20250926,4,RMSEMins,13.4077,14.00,0,0.0291,141,44,0.615,1,1.4.0
20250926,5,AUC,0.8147,0.79,0,0.0755,58,134,0.235,0,1.2.0
20250926,6,Precision,0.7464,0.71,0,0.0851,64,79,0.705,5,2.0.0
20250927,1,MAPE,9.7405,12.00,0,0.0396,140,217,0.719,0,2.3.0
20250927,2,NDCG@5,0.8358,0.82,0,0.0580,1150,44,0.304,0,3.1.0
20250927,3,QuoteAcceptRate,0.6825,0.62,0,0.0862,260,75,0.264,2,1.6.0
20250927,4,RMSEMins,13.8641,14.00,0,0.0379,220,47,0.365,2,1.4.0
20250927,5,AUC,0.8022,0.79,0,0.0596,90,141,0.773,1,1.2.0
20250927,6,Precision,0.7663,0.71,0,0.0861,100,76,0.803,6,2.0.0
20250928,1,MAPE,8.9078,12.00,0,0.0422,134,207,0.385,1,2.3.0
20250928,2,NDCG@5,0.8384,0.82,0,0.1026,1104,56,0.308,1,3.1.0
20250928,3,QuoteAcceptRate,0.6703,0.62,0,0.0994,250,51,0.312,3,1.6.0
20250928,4,RMSEMins,12.7954,14.00,0,0.0760,211,36,0.424,3,1.4.0
20250928,5,AUC,0.8194,0.79,0,0.0935,86,144,0.492,2,1.2.0
20250928,6,Precision,0.7530,0.71,0,0.0292,96,63,0.504,0,2.0.0
20250929,1,MAPE,9.7441,12.00,0,0.0648,78,204,0.378,2,2.3.0
20250929,2,NDCG@5,0.8529,0.82,0,0.0411,644,43,0.565,2,3.1.0
20250929,3,QuoteAcceptRate,0.6537,0.62,0,0.0790,146,80,0.369,4,1.6.0
20250929,4,RMSEMins,12.1510,14.00,0,0.0661,123,35,0.763,4,1.4.0
20250929,5,AUC,0.8108,0.79,0,0.0380,50,134,0.318,3,1.2.0
20250929,6,Precision,0.8054,0.71,0,0.1023,56,67,0.602,1,2.0.0
20250930,1,MAPE,9.7063,12.00,0,0.0495,105,226,0.639,3,2.3.0
20250930,2,NDCG@5,0.8395,0.82,0,0.0831,862,50,0.846,3,3.1.0
20250930,3,QuoteAcceptRate,0.6735,0.62,0,0.0279,195,54,0.613,5,1.6.0
20250930,4,RMSEMins,12.5051,14.00,0,0.0575,165,41,0.722,5,1.4.0
20250930,5,AUC,0.8038,0.79,0,0.1056,68,159,0.573,4,1.2.0
20250930,6,Precision,0.7263,0.71,0,0.0815,75,86,0.381,2,2.0.0
20251001,1,MAPE,9.9348,12.00,0,0.0618,101,248,0.397,4,2.3.0
20251001,2,NDCG@5,0.8471,0.82,0,0.0214,828,39,0.657,4,3.1.0
20251001,3,QuoteAcceptRate,0.6638,0.62,0,0.0833,187,75,0.795,6,1.6.0
20251001,4,RMSEMins,13.5400,14.00,0,0.0270,158,39,0.565,6,1.4.0
20251001,5,AUC,0.8397,0.79,0,0.0774,65,139,0.724,5,1.2.0
20251001,6,Precision,0.7725,0.71,0,0.1037,72,70,0.751,3,2.0.0
20251002,1,MAPE,8.6146,12.00,0,0.0656,88,177,0.671,5,2.3.0
20251002,2,NDCG@5,0.8486,0.82,0,0.0517,724,56,0.674,5,3.1.0
20251002,3,QuoteAcceptRate,0.7053,0.62,0,0.0857,164,76,0.838,0,1.6.0
20251002,4,RMSEMins,12.4148,14.00,0,0.0556,139,31,0.304,0,1.4.0
20251002,5,AUC,0.8101,0.79,0,0.0615,57,193,0.804,6,1.2.0
20251002,6,Precision,0.7669,0.71,0,0.0598,63,73,0.559,4,2.0.0
20251003,1,MAPE,9.4323,12.00,0,0.0688,88,182,0.731,6,2.3.0
20251003,2,NDCG@5,0.8488,0.82,0,0.0954,724,56,0.316,6,3.1.0
20251003,3,QuoteAcceptRate,0.6716,0.62,0,0.0911,164,73,0.752,1,1.6.0
20251003,4,RMSEMins,13.7938,14.00,0,0.0804,139,41,0.836,1,1.4.0
20251003,5,AUC,0.8228,0.79,0,0.0449,57,148,0.581,0,1.2.0
20251003,6,Precision,0.7771,0.71,0,0.0620,63,55,0.465,5,2.0.0
20251004,1,MAPE,8.8788,12.00,0,0.0556,126,204,0.313,0,2.3.0
20251004,2,NDCG@5,0.8541,0.82,0,0.1004,1035,37,0.352,0,3.1.0
20251004,3,QuoteAcceptRate,0.6470,0.62,0,0.0264,234,70,0.378,2,1.6.0
20251004,4,RMSEMins,11.6712,14.00,0,0.0927,198,40,0.302,2,1.4.0
20251004,5,AUC,0.8132,0.79,0,0.1005,81,187,0.360,1,1.2.0
20251004,6,Precision,0.7382,0.71,0,0.0809,90,74,0.760,6,2.0.0
20251005,1,MAPE,9.6356,12.00,0,0.0387,123,269,0.469,1,2.3.0
20251005,2,NDCG@5,0.8403,0.82,0,0.0549,1012,45,0.501,1,3.1.0
20251005,3,QuoteAcceptRate,0.6329,0.62,0,0.0819,229,54,0.243,3,1.6.0
20251005,4,RMSEMins,12.1905,14.00,0,0.0890,194,33,0.763,3,1.4.0
20251005,5,AUC,0.7847,0.79,1,0.0451,79,131,0.369,2,1.2.0
20251005,6,Precision,0.7854,0.71,0,0.0759,88,66,0.600,0,2.0.0
20251006,1,MAPE,9.0838,12.00,0,0.0681,70,181,0.662,2,2.3.0
20251006,2,NDCG@5,0.8257,0.82,0,0.0854,575,39,0.263,2,3.1.0
20251006,3,QuoteAcceptRate,0.6482,0.62,0,0.0429,130,66,0.682,4,1.6.0
20251006,4,RMSEMins,13.0992,14.00,0,0.0482,110,28,0.614,4,1.4.0
20251006,5,AUC,0.8152,0.79,0,0.0401,45,115,0.399,3,1.2.0
20251006,6,Precision,0.7649,0.71,0,0.0542,50,63,0.211,1,2.0.0
20251007,1,MAPE,9.0649,12.00,0,0.0546,84,207,0.515,3,2.3.0
20251007,2,NDCG@5,0.8423,0.82,0,0.0573,690,45,0.786,3,3.1.0
20251007,3,QuoteAcceptRate,0.6405,0.62,0,0.0900,156,51,0.477,5,1.6.0
20251007,4,RMSEMins,13.7980,14.00,0,0.0548,132,36,0.579,5,1.4.0
20251007,5,AUC,0.8077,0.79,0,0.0369,54,124,0.538,4,1.2.0
20251007,6,Precision,0.7364,0.71,0,0.0396,60,79,0.462,2,2.0.0
20251008,1,MAPE,9.3457,12.00,0,0.0572,97,261,0.762,4,2.3.0
20251008,2,NDCG@5,0.8358,0.82,0,0.0743,794,49,0.264,4,3.1.0
20251008,3,QuoteAcceptRate,0.6493,0.62,0,0.0452,179,69,0.385,6,1.6.0
20251008,4,RMSEMins,11.8839,14.00,0,0.0755,152,34,0.808,6,1.4.0
20251008,5,AUC,0.8270,0.79,0,0.0374,62,147,0.463,5,1.2.0
20251008,6,Precision,0.7089,0.71,1,0.0357,69,84,0.204,3,2.0.0
20251009,1,MAPE,9.1988,12.00,0,0.0392,97,173,0.409,5,2.3.0
20251009,2,NDCG@5,0.8423,0.82,0,0.1021,794,45,0.616,5,3.1.0
20251009,3,QuoteAcceptRate,0.6760,0.62,0,0.0535,179,56,0.656,0,1.6.0
20251009,4,RMSEMins,12.7404,14.00,0,0.0278,152,48,0.387,0,1.4.0
20251009,5,AUC,0.8265,0.79,0,0.0842,62,160,0.824,6,1.2.0
20251009,6,Precision,0.7106,0.71,0,0.0579,69,68,0.806,4,2.0.0
20251010,1,MAPE,9.2698,12.00,0,0.0559,130,211,0.505,6,2.3.0
20251010,2,NDCG@5,0.8362,0.82,0,0.0903,1070,46,0.743,6,3.1.0
20251010,3,QuoteAcceptRate,0.6390,0.62,0,0.0965,242,57,0.461,1,1.6.0
20251010,4,RMSEMins,12.9691,14.00,0,0.0662,205,29,0.731,1,1.4.0
20251010,5,AUC,0.8180,0.79,0,0.0491,84,180,0.510,0,1.2.0
20251010,6,Precision,0.7510,0.71,0,0.0397,93,57,0.353,5,2.0.0
20251011,1,MAPE,8.6759,12.00,0,0.0508,136,231,0.759,0,2.3.0
20251011,2,NDCG@5,0.8293,0.82,0,0.0315,1116,46,0.346,0,3.1.0
20251011,3,QuoteAcceptRate,0.6442,0.62,0,0.0476,252,60,0.614,2,1.6.0
20251011,4,RMSEMins,12.9605,14.00,0,0.0445,213,30,0.549,2,1.4.0
20251011,5,AUC,0.8082,0.79,0,0.0846,87,191,0.214,1,1.2.0
20251011,6,Precision,0.7556,0.71,0,0.0751,97,61,0.750,6,2.0.0
20251012,1,MAPE,9.2846,12.00,0,0.0388,210,190,0.626,1,2.3.0
20251012,2,NDCG@5,0.8172,0.82,1,0.0247,1725,52,0.286,1,3.1.0
20251012,3,QuoteAcceptRate,0.6824,0.62,0,0.0733,390,61,0.804,3,1.6.0
20251012,4,RMSEMins,12.7101,14.00,0,0.1073,330,41,0.760,3,1.4.0
20251012,5,AUC,0.8290,0.79,0,0.0680,135,137,0.385,2,1.2.0
20251012,6,Precision,0.5943,0.71,1,0.1050,352,55,0.620,0,2.0.0
20251013,1,MAPE,8.1389,12.00,0,0.0709,165,194,0.262,2,2.3.0
20251013,2,NDCG@5,0.8429,0.82,0,0.0738,1357,48,0.595,2,3.1.0
20251013,3,QuoteAcceptRate,0.6423,0.62,0,0.0407,307,71,0.549,4,1.6.0
20251013,4,RMSEMins,13.1129,14.00,0,0.0997,260,40,0.323,4,1.4.0
20251013,5,AUC,0.8078,0.79,0,0.0427,106,176,0.635,3,1.2.0
20251013,6,Precision,0.6165,0.71,1,0.0656,277,79,0.518,1,2.0.0
20251014,1,MAPE,9.3493,12.00,0,0.0704,132,215,0.703,3,2.3.0
20251014,2,NDCG@5,0.8475,0.82,0,0.0492,1081,50,0.258,3,3.1.0
20251014,3,QuoteAcceptRate,0.6698,0.62,0,0.0451,244,58,0.383,5,1.6.0
20251014,4,RMSEMins,13.1583,14.00,0,0.0871,207,37,0.802,5,1.4.0
20251014,5,AUC,0.8060,0.79,0,0.0422,85,144,0.624,4,1.2.0
20251014,6,Precision,0.6162,0.71,1,0.0254,221,75,0.403,2,2.0.0
20251015,1,MAPE,8.5397,12.00,0,0.0373,161,202,0.289,4,2.3.0
20251015,2,NDCG@5,0.8396,0.82,0,0.0878,1322,49,0.840,4,3.1.0
20251015,3,QuoteAcceptRate,0.6655,0.62,0,0.0799,299,49,0.522,6,1.6.0
20251015,4,RMSEMins,13.5211,14.00,0,0.0780,253,45,0.592,6,1.4.0
20251015,5,AUC,0.8113,0.79,0,0.1046,104,144,0.334,5,1.2.0
20251015,6,Precision,0.6213,0.71,1,0.0592,270,68,0.312,3,2.0.0
20251016,1,MAPE,9.0311,12.00,0,0.0647,133,186,0.480,5,2.3.0
20251016,2,NDCG@5,0.8406,0.82,0,0.1011,1092,57,0.627,5,3.1.0
20251016,3,QuoteAcceptRate,0.6480,0.62,0,0.0679,247,54,0.755,0,1.6.0
20251016,4,RMSEMins,12.8498,14.00,0,0.0561,209,35,0.395,0,1.4.0
20251016,5,AUC,0.8373,0.79,0,0.0660,86,151,0.686,6,1.2.0
20251016,6,Precision,0.6358,0.71,1,0.0533,223,58,0.734,4,2.0.0
20251017,1,MAPE,8.7743,12.00,0,0.0444,161,194,0.212,6,2.3.0
20251017,2,NDCG@5,0.8330,0.82,0,0.1098,1322,53,0.236,6,3.1.0
20251017,3,QuoteAcceptRate,0.6482,0.62,0,0.0382,299,60,0.722,1,1.6.0
20251017,4,RMSEMins,13.0785,14.00,0,0.0229,253,42,0.646,1,1.4.0
20251017,5,AUC,0.7936,0.79,0,0.0976,104,141,0.727,0,1.2.0
20251017,6,Precision,0.6347,0.71,1,0.0855,270,55,0.284,5,2.0.0
20251018,1,MAPE,9.0069,12.00,0,0.0369,228,191,0.212,0,2.3.0
20251018,2,NDCG@5,0.8468,0.82,0,0.0285,1874,56,0.309,0,3.1.0
20251018,3,QuoteAcceptRate,0.6484,0.62,0,0.0598,424,67,0.685,2,1.6.0
20251018,4,RMSEMins,13.3886,14.00,0,0.1046,359,34,0.715,2,1.4.0
20251018,5,AUC,0.8109,0.79,0,0.0586,147,156,0.799,1,1.2.0
20251018,6,Precision,0.6455,0.71,1,0.0337,383,57,0.453,6,2.0.0
20251019,1,MAPE,9.4499,12.00,0,0.0666,211,205,0.443,1,2.3.0
20251019,2,NDCG@5,0.8310,0.82,0,0.0820,1736,48,0.367,1,3.1.0
20251019,3,QuoteAcceptRate,0.6410,0.62,0,0.0583,393,70,0.295,3,1.6.0
20251019,4,RMSEMins,13.4518,14.00,0,0.0829,332,43,0.348,3,1.4.0
20251019,5,AUC,0.8139,0.79,0,0.0216,136,128,0.726,2,1.2.0
20251019,6,Precision,0.6210,0.71,1,0.0979,355,76,0.578,0,2.0.0
20251020,1,MAPE,9.2781,12.00,0,0.0695,139,216,0.620,2,2.3.0
20251020,2,NDCG@5,0.8395,0.82,0,0.0234,1138,48,0.493,2,3.1.0
20251020,3,QuoteAcceptRate,0.6448,0.62,0,0.0281,257,60,0.408,4,1.6.0
20251020,4,RMSEMins,12.0388,14.00,0,0.0303,218,36,0.448,4,1.4.0
20251020,5,AUC,0.8393,0.79,0,0.0791,89,156,0.224,3,1.2.0
20251020,6,Precision,0.5977,0.71,1,0.0961,233,58,0.728,1,2.0.0
20251021,1,MAPE,8.4248,12.00,0,0.0647,132,229,0.280,3,2.3.0
20251021,2,NDCG@5,0.8454,0.82,0,0.0832,1081,47,0.594,3,3.1.0
20251021,3,QuoteAcceptRate,0.6608,0.62,0,0.0353,244,61,0.445,5,1.6.0
20251021,4,RMSEMins,15.0596,14.00,1,0.0837,207,48,0.259,5,1.4.0
20251021,5,AUC,0.8387,0.79,0,0.0845,85,143,0.700,4,1.2.0
20251021,6,Precision,0.5772,0.71,1,0.0983,221,66,0.712,2,2.0.0
20251022,1,MAPE,9.6285,12.00,0,0.0476,150,229,0.765,4,2.3.0
20251022,2,NDCG@5,0.8573,0.82,0,0.0481,1230,53,0.689,4,3.1.0
20251022,3,QuoteAcceptRate,0.6940,0.62,0,0.0516,278,69,0.310,6,1.6.0
20251022,4,RMSEMins,12.0792,14.00,0,0.0252,235,42,0.540,6,1.4.0
20251022,5,AUC,0.8191,0.79,0,0.1001,96,183,0.784,5,1.2.0
20251022,6,Precision,0.6278,0.71,1,0.0687,251,79,0.766,3,2.0.0
20251023,1,MAPE,9.4929,12.00,0,0.0599,148,226,0.653,5,2.3.0
20251023,2,NDCG@5,0.8176,0.82,1,0.0678,1219,43,0.422,5,3.1.0
20251023,3,QuoteAcceptRate,0.6665,0.62,0,0.1093,276,74,0.623,0,1.6.0
20251023,4,RMSEMins,13.5559,14.00,0,0.0443,233,37,0.224,0,1.4.0
20251023,5,AUC,0.8109,0.79,0,0.0341,95,169,0.755,6,1.2.0
20251023,6,Precision,0.5945,0.71,1,0.0412,249,86,0.512,4,2.0.0
20251024,1,MAPE,9.0497,12.00,0,0.0535,127,189,0.262,6,2.3.0
20251024,2,NDCG@5,0.8337,0.82,0,0.0413,1046,57,0.381,6,3.1.0
20251024,3,QuoteAcceptRate,0.6630,0.62,0,0.0722,237,65,0.794,1,1.6.0
20251024,4,RMSEMins,12.9395,14.00,0,0.1027,200,40,0.332,1,1.4.0
20251024,5,AUC,0.7951,0.79,0,0.0437,82,126,0.268,0,1.2.0
20251024,6,Precision,0.6149,0.71,1,0.0681,214,90,0.479,5,2.0.0
20251025,1,MAPE,9.1291,12.00,0,0.0634,231,271,0.395,0,2.3.0
20251025,2,NDCG@5,0.8509,0.82,0,0.1023,1898,41,0.320,0,3.1.0
20251025,3,QuoteAcceptRate,0.6433,0.62,0,0.0509,429,57,0.288,2,1.6.0
20251025,4,RMSEMins,13.4456,14.00,0,0.0400,363,39,0.303,2,1.4.0
20251025,5,AUC,0.8123,0.79,0,0.0262,148,154,0.423,1,1.2.0
20251025,6,Precision,0.6637,0.71,1,0.0829,388,73,0.670,6,2.0.0
20251026,1,MAPE,8.7284,12.00,0,0.0362,214,217,0.536,1,2.3.0
20251026,2,NDCG@5,0.8276,0.82,0,0.0864,1760,59,0.540,1,3.1.0
20251026,3,QuoteAcceptRate,0.6595,0.62,0,0.0308,398,63,0.790,3,1.6.0
20251026,4,RMSEMins,12.9712,14.00,0,0.0989,337,35,0.706,3,1.4.0
20251026,5,AUC,0.8224,0.79,0,0.0443,138,195,0.507,2,1.2.0
20251026,6,Precision,0.5868,0.71,1,0.0530,360,85,0.415,0,2.0.0
20251027,1,MAPE,9.0951,12.00,0,0.0741,130,184,0.426,2,2.3.0
20251027,2,NDCG@5,0.8481,0.82,0,0.0392,1070,52,0.483,2,3.1.0
20251027,3,QuoteAcceptRate,0.6890,0.62,0,0.0593,242,54,0.565,4,1.6.0
20251027,4,RMSEMins,11.6402,14.00,0,0.0839,205,35,0.212,4,1.4.0
20251027,5,AUC,0.8078,0.79,0,0.0688,84,157,0.368,3,1.2.0
20251027,6,Precision,0.5925,0.71,1,0.0243,219,72,0.508,1,2.0.0
20251028,1,MAPE,8.1141,12.00,0,0.0458,118,197,0.332,3,2.3.0
20251028,2,NDCG@5,0.8316,0.82,0,0.0398,966,43,0.725,3,3.1.0
20251028,3,QuoteAcceptRate,0.6585,0.62,0,0.1053,218,60,0.685,5,1.6.0
20251028,4,RMSEMins,12.9686,14.00,0,0.0755,185,39,0.840,5,1.4.0
20251028,5,AUC,0.8143,0.79,0,0.0932,76,159,0.497,4,1.2.0
20251028,6,Precision,0.6322,0.71,1,0.0526,197,76,0.678,2,2.0.0
20251029,1,MAPE,9.0092,12.00,0,0.0643,136,241,0.752,4,2.3.0
20251029,2,NDCG@5,0.8247,0.82,0,0.0457,1116,42,0.819,4,3.1.0
20251029,3,QuoteAcceptRate,0.6478,0.62,0,0.0263,252,65,0.229,6,1.6.0
20251029,4,RMSEMins,13.1716,14.00,0,0.0366,213,45,0.317,6,1.4.0
20251029,5,AUC,0.8106,0.79,0,0.1081,87,181,0.219,5,1.2.0
20251029,6,Precision,0.6268,0.71,1,0.0977,228,89,0.393,3,2.0.0
20251030,1,MAPE,8.8849,12.00,0,0.0394,139,212,0.381,5,2.3.0
20251030,2,NDCG@5,0.8464,0.82,0,0.0891,1138,55,0.429,5,3.1.0
20251030,3,QuoteAcceptRate,0.6714,0.62,0,0.0772,257,55,0.790,0,1.6.0
20251030,4,RMSEMins,12.5135,14.00,0,0.0732,218,37,0.472,0,1.4.0
20251030,5,AUC,0.7922,0.79,0,0.0541,89,182,0.720,6,1.2.0
20251030,6,Precision,0.6232,0.71,1,0.0455,233,64,0.359,4,2.0.0
20251031,1,MAPE,8.7044,12.00,0,0.0552,129,186,0.846,6,2.3.0
20251031,2,NDCG@5,0.8399,0.82,0,0.0224,1058,56,0.568,6,3.1.0
20251031,3,QuoteAcceptRate,0.6687,0.62,0,0.0342,239,71,0.806,1,1.6.0
20251031,4,RMSEMins,11.8340,14.00,0,0.0988,202,38,0.599,1,1.4.0
20251031,5,AUC,0.7508,0.79,1,0.0968,83,172,0.660,0,1.2.0
20251031,6,Precision,0.5881,0.71,1,0.0218,216,89,0.823,5,2.0.0
20251101,1,MAPE,9.4001,12.00,0,0.0593,256,182,0.581,0,2.3.0
20251101,2,NDCG@5,0.8501,0.82,0,0.0221,2104,44,0.584,0,3.1.0
20251101,3,QuoteAcceptRate,0.6946,0.62,0,0.0542,476,61,0.217,2,1.6.0
20251101,4,RMSEMins,12.3376,14.00,0,0.0369,403,38,0.756,2,1.4.0
20251101,5,AUC,0.8117,0.79,0,0.0639,165,166,0.309,1,1.2.0
20251101,6,Precision,0.5799,0.71,1,0.0600,430,66,0.834,6,2.0.0
20251101,7,MacroF1,0.8774,0.85,0,0.0315,77,264,0.324,0,1.1.0
20251102,1,MAPE,8.9283,12.00,0,0.0706,223,147,0.350,1,2.3.0
20251102,2,NDCG@5,0.8311,0.82,0,0.0709,1828,48,0.369,1,3.1.0
20251102,3,QuoteAcceptRate,0.6593,0.62,0,0.0841,413,65,0.665,3,1.6.0
20251102,4,RMSEMins,12.0460,14.00,0,0.0549,350,51,0.783,3,1.4.0
20251102,5,AUC,0.8181,0.79,0,0.0747,143,112,0.492,2,1.2.0
20251102,6,Precision,0.6256,0.71,1,0.1015,374,62,0.353,0,2.0.0
20251102,7,MacroF1,0.8805,0.85,0,0.0969,67,372,0.461,1,1.1.0
20251103,1,MAPE,8.4801,12.00,0,0.0391,157,239,0.223,2,2.3.0
20251103,2,NDCG@5,0.8409,0.82,0,0.0768,1288,47,0.830,2,3.1.0
20251103,3,QuoteAcceptRate,0.6523,0.62,0,0.0344,291,70,0.572,4,1.6.0
20251103,4,RMSEMins,12.6988,14.00,0,0.0558,246,34,0.813,4,1.4.0
20251103,5,AUC,0.8249,0.79,0,0.0894,101,173,0.473,3,1.2.0
20251103,6,Precision,0.6344,0.71,1,0.0825,263,70,0.694,1,2.0.0
20251103,7,MacroF1,0.8619,0.85,0,0.0279,47,408,0.844,2,1.1.0
20251104,1,MAPE,8.4257,12.00,0,0.0413,123,223,0.545,3,2.3.0
20251104,2,NDCG@5,0.8324,0.82,0,0.0280,1012,46,0.237,3,3.1.0
20251104,3,QuoteAcceptRate,0.6796,0.62,0,0.0598,229,74,0.819,5,1.6.0
20251104,4,RMSEMins,11.5734,14.00,0,0.0815,194,30,0.713,5,1.4.0
20251104,5,AUC,0.8147,0.79,0,0.0581,79,172,0.688,4,1.2.0
20251104,6,Precision,0.6463,0.71,1,0.0751,207,73,0.458,2,2.0.0
20251104,7,MacroF1,0.8763,0.85,0,0.0788,37,429,0.737,3,1.1.0
20251105,1,MAPE,9.0034,12.00,0,0.0416,137,213,0.326,4,2.3.0
20251105,2,NDCG@5,0.8292,0.82,0,0.0638,1127,48,0.533,4,3.1.0
20251105,3,QuoteAcceptRate,0.6748,0.62,0,0.1096,255,66,0.520,6,1.6.0
20251105,4,RMSEMins,12.3556,14.00,0,0.0262,216,38,0.757,6,1.4.0
20251105,5,AUC,0.8179,0.79,0,0.0875,88,140,0.796,5,1.2.0
20251105,6,Precision,0.6377,0.71,1,0.0511,230,71,0.846,3,2.0.0
20251105,7,MacroF1,0.8628,0.85,0,0.0597,41,427,0.482,4,1.1.0
20251106,1,MAPE,8.9034,12.00,0,0.0739,113,190,0.649,5,2.3.0
20251106,2,NDCG@5,0.8270,0.82,0,0.0566,932,46,0.778,5,3.1.0
20251106,3,QuoteAcceptRate,0.6798,0.62,0,0.0682,211,59,0.275,0,1.6.0
20251106,4,RMSEMins,12.2291,14.00,0,0.0353,178,40,0.595,0,1.4.0
20251106,5,AUC,0.8100,0.79,0,0.0293,73,148,0.691,6,1.2.0
20251106,6,Precision,0.7551,0.71,0,0.0277,81,69,0.643,4,2.0.0
20251106,7,MacroF1,0.8751,0.85,0,0.0377,34,348,0.516,5,1.1.0
20251107,1,MAPE,8.4849,12.00,0,0.0544,119,201,0.276,6,2.3.0
20251107,2,NDCG@5,0.8415,0.82,0,0.0955,978,48,0.296,6,3.1.0
20251107,3,QuoteAcceptRate,0.6478,0.62,0,0.0852,221,58,0.281,1,1.6.0
20251107,4,RMSEMins,12.0652,14.00,0,0.1080,187,43,0.396,1,1.4.0
20251107,5,AUC,0.8019,0.79,0,0.0303,76,125,0.386,0,1.2.0
20251107,6,Precision,0.7839,0.71,0,0.1098,85,75,0.817,5,2.0.0
20251107,7,MacroF1,0.8630,0.85,0,0.0742,36,323,0.220,6,1.1.0
20251108,1,MAPE,9.1313,12.00,0,0.0600,157,190,0.338,0,2.3.0
20251108,2,NDCG@5,0.8317,0.82,0,0.0902,1288,53,0.405,0,3.1.0
20251108,3,QuoteAcceptRate,0.7004,0.62,0,0.0447,291,63,0.319,2,1.6.0
20251108,4,RMSEMins,12.4139,14.00,0,0.0870,246,43,0.775,2,1.4.0
20251108,5,AUC,0.8289,0.79,0,0.0700,101,182,0.344,1,1.2.0
20251108,6,Precision,0.7414,0.71,0,0.0915,112,63,0.297,6,2.0.0
20251108,7,MacroF1,0.8726,0.85,0,0.0776,47,396,0.661,0,1.1.0
20251109,1,MAPE,9.4213,12.00,0,0.0669,165,208,0.607,1,2.3.0
20251109,2,NDCG@5,0.8418,0.82,0,0.0679,1357,38,0.482,1,3.1.0
20251109,3,QuoteAcceptRate,0.6369,0.62,0,0.1026,307,55,0.721,3,1.6.0
20251109,4,RMSEMins,11.9402,14.00,0,0.0648,260,42,0.329,3,1.4.0
20251109,5,AUC,0.8216,0.79,0,0.0893,106,153,0.647,2,1.2.0
20251109,6,Precision,0.7554,0.71,0,0.0563,118,56,0.599,0,2.0.0
20251109,7,MacroF1,0.8640,0.85,0,0.0249,50,327,0.382,1,1.1.0
20251110,1,MAPE,9.9768,12.00,0,0.0708,118,226,0.412,2,2.3.0
20251110,2,NDCG@5,0.8270,0.82,0,0.1088,966,44,0.819,2,3.1.0
20251110,3,QuoteAcceptRate,0.6323,0.62,0,0.0634,218,69,0.399,4,1.6.0
20251110,4,RMSEMins,12.2989,14.00,0,0.0609,185,44,0.607,4,1.4.0
20251110,5,AUC,0.8083,0.79,0,0.0723,76,167,0.847,3,1.2.0
20251110,6,Precision,0.7598,0.71,0,0.0289,84,84,0.343,1,2.0.0
20251110,7,MacroF1,0.8902,0.85,0,0.0405,35,318,0.620,2,1.1.0
20251111,1,MAPE,8.8801,12.00,0,0.0722,109,268,0.427,3,2.3.0
20251111,2,NDCG@5,0.8537,0.82,0,0.0373,897,57,0.527,3,3.1.0
20251111,3,QuoteAcceptRate,0.6452,0.62,0,0.0919,203,68,0.261,5,1.6.0
20251111,4,RMSEMins,12.5619,14.00,0,0.0549,172,32,0.438,5,1.4.0
20251111,5,AUC,0.8219,0.79,0,0.0277,70,144,0.841,4,1.2.0
20251111,6,Precision,0.7194,0.71,0,0.0586,78,80,0.659,2,2.0.0
20251111,7,MacroF1,0.8756,0.85,0,0.1055,33,354,0.749,3,1.1.0
20251112,1,MAPE,8.8167,12.00,0,0.0645,116,254,0.549,4,2.3.0
20251112,2,NDCG@5,0.8388,0.82,0,0.0290,954,46,0.843,4,3.1.0
20251112,3,QuoteAcceptRate,0.6482,0.62,0,0.0890,216,66,0.539,6,1.6.0
20251112,4,RMSEMins,14.0191,14.00,1,0.0274,183,38,0.655,6,1.4.0
20251112,5,AUC,0.8042,0.79,0,0.0478,75,149,0.770,5,1.2.0
20251112,6,Precision,0.7754,0.71,0,0.1065,83,80,0.391,3,2.0.0
20251112,7,MacroF1,0.8853,0.85,0,0.0525,35,289,0.462,4,1.1.0
20251113,1,MAPE,8.7632,12.00,0,0.0499,106,248,0.315,5,2.3.0
20251113,2,NDCG@5,0.8279,0.82,0,0.0878,874,54,0.591,5,3.1.0
20251113,3,QuoteAcceptRate,0.7038,0.62,0,0.0305,198,56,0.681,0,1.6.0
20251113,4,RMSEMins,13.1124,14.00,0,0.0597,167,42,0.224,0,1.4.0
20251113,5,AUC,0.8219,0.79,0,0.0475,68,162,0.425,6,1.2.0
20251113,6,Precision,0.7467,0.71,0,0.0513,76,68,0.786,4,2.0.0
20251113,7,MacroF1,0.8561,0.85,0,0.0841,32,399,0.248,5,1.1.0
20251114,1,MAPE,9.4781,12.00,0,0.0579,101,201,0.702,6,2.3.0
20251114,2,NDCG@5,0.8349,0.82,0,0.0414,828,50,0.704,6,3.1.0
20251114,3,QuoteAcceptRate,0.6565,0.62,0,0.0911,187,73,0.552,1,1.6.0
20251114,4,RMSEMins,12.6070,14.00,0,0.0469,158,37,0.640,1,1.4.0
20251114,5,AUC,0.8132,0.79,0,0.0326,65,152,0.297,0,1.2.0
20251114,6,Precision,0.7570,0.71,0,0.0278,72,81,0.211,5,2.0.0
20251114,7,MacroF1,0.8842,0.85,0,0.0578,30,380,0.644,6,1.1.0
20251115,1,MAPE,8.6840,12.00,0,0.0692,183,193,0.674,0,2.3.0
20251115,2,NDCG@5,0.8365,0.82,0,0.0550,1506,49,0.590,0,3.1.0
20251115,3,QuoteAcceptRate,0.6503,0.62,0,0.0651,341,57,0.577,2,1.6.0
20251115,4,RMSEMins,13.3412,14.00,0,0.0751,288,40,0.540,2,1.4.0
20251115,5,AUC,0.8152,0.79,0,0.1026,118,191,0.513,1,1.2.0
20251115,6,Precision,0.7578,0.71,0,0.0627,131,69,0.217,6,2.0.0
20251115,7,MacroF1,0.8881,0.85,0,0.0335,55,328,0.406,0,1.1.0
20251116,1,MAPE,9.2637,12.00,0,0.0439,147,183,0.238,1,2.3.0
20251116,2,NDCG@5,0.8237,0.82,0,0.0933,1208,43,0.510,1,3.1.0
20251116,3,QuoteAcceptRate,0.6350,0.62,0,0.0389,273,56,0.602,3,1.6.0
20251116,4,RMSEMins,12.4698,14.00,0,0.0789,231,43,0.576,3,1.4.0
20251116,5,AUC,0.8203,0.79,0,0.1092,94,170,0.662,2,1.2.0
20251116,6,Precision,0.7551,0.71,0,0.1029,105,79,0.512,0,2.0.0
20251116,7,MacroF1,0.8628,0.85,0,0.0676,44,363,0.330,1,1.1.0
20251117,1,MAPE,8.9394,12.00,0,0.0610,130,181,0.763,2,2.3.0
20251117,2,NDCG@5,0.8230,0.82,0,0.0219,1070,56,0.394,2,3.1.0
20251117,3,QuoteAcceptRate,0.6556,0.62,0,0.0229,242,63,0.471,4,1.6.0
20251117,4,RMSEMins,12.9573,14.00,0,0.0580,205,36,0.337,4,1.4.0
20251117,5,AUC,0.8260,0.79,0,0.0665,84,160,0.327,3,1.2.0
20251117,6,Precision,0.7126,0.71,0,0.0312,93,56,0.299,1,2.0.0
20251117,7,MacroF1,0.8520,0.85,0,0.0703,39,336,0.471,2,1.1.0
20251118,1,MAPE,9.6968,12.00,0,0.0574,118,240,0.737,3,2.3.0
20251118,2,NDCG@5,0.8210,0.82,0,0.0613,966,39,0.840,3,3.1.0
20251118,3,QuoteAcceptRate,0.6721,0.62,0,0.0436,218,60,0.835,5,1.6.0
20251118,4,RMSEMins,12.1439,14.00,0,0.0943,185,42,0.429,5,1.4.0
20251118,5,AUC,0.8175,0.79,0,0.0613,76,142,0.202,4,1.2.0
20251118,6,Precision,0.7776,0.71,0,0.0476,84,77,0.482,2,2.0.0
20251118,7,MacroF1,0.8644,0.85,0,0.0397,35,366,0.845,3,1.1.0
20251119,1,MAPE,9.0640,12.00,0,0.0370,116,207,0.216,4,2.3.0
20251119,2,NDCG@5,0.8520,0.82,0,0.0882,954,37,0.215,4,3.1.0
20251119,3,QuoteAcceptRate,0.6369,0.62,0,0.0599,216,55,0.313,6,1.6.0
20251119,4,RMSEMins,12.5516,14.00,0,0.0821,183,33,0.605,6,1.4.0
20251119,5,AUC,0.8276,0.79,0,0.0332,75,149,0.616,5,1.2.0
20251119,6,Precision,0.7642,0.71,0,0.0991,83,69,0.419,3,2.0.0
20251119,7,MacroF1,0.8686,0.85,0,0.0227,35,397,0.298,4,1.1.0
20251120,1,MAPE,9.0633,12.00,0,0.0565,105,220,0.786,5,2.3.0
20251120,2,NDCG@5,0.8075,0.82,1,0.0424,862,42,0.847,5,3.1.0
20251120,3,QuoteAcceptRate,0.6767,0.62,0,0.1042,195,71,0.712,0,1.6.0
20251120,4,RMSEMins,12.2476,14.00,0,0.0905,165,50,0.246,0,1.4.0
20251120,5,AUC,0.8181,0.79,0,0.0983,68,162,0.256,6,1.2.0
20251120,6,Precision,0.7593,0.71,0,0.0986,75,63,0.575,4,2.0.0
20251120,7,MacroF1,0.8717,0.85,0,0.0819,32,452,0.676,5,1.1.0
20251121,1,MAPE,8.7667,12.00,0,0.0705,83,228,0.619,6,2.3.0
20251121,2,NDCG@5,0.8282,0.82,0,0.0761,678,49,0.825,6,3.1.0
20251121,3,QuoteAcceptRate,0.6874,0.62,0,0.0203,153,61,0.628,1,1.6.0
20251121,4,RMSEMins,12.4308,14.00,0,0.0502,130,34,0.556,1,1.4.0
20251121,5,AUC,0.8133,0.79,0,0.0324,53,168,0.690,0,1.2.0
20251121,6,Precision,0.7566,0.71,0,0.0674,59,69,0.554,5,2.0.0
20251121,7,MacroF1,0.8976,0.85,0,0.0834,25,294,0.683,6,1.1.0
20251122,1,MAPE,10.1656,12.00,0,0.0431,136,194,0.455,0,2.3.0
20251122,2,NDCG@5,0.8424,0.82,0,0.1040,1116,56,0.449,0,3.1.0
20251122,3,QuoteAcceptRate,0.6643,0.62,0,0.0274,252,50,0.343,2,1.6.0
20251122,4,RMSEMins,12.3204,14.00,0,0.0558,213,38,0.257,2,1.4.0
20251122,5,AUC,0.8218,0.79,0,0.0832,87,145,0.440,1,1.2.0
20251122,6,Precision,0.7601,0.71,0,0.0504,97,68,0.680,6,2.0.0
20251122,7,MacroF1,0.8787,0.85,0,0.0603,41,375,0.296,0,1.1.0
20251123,1,MAPE,9.0002,12.00,0,0.0533,154,224,0.748,1,2.3.0
20251123,2,NDCG@5,0.8359,0.82,0,0.0844,1265,43,0.579,1,3.1.0
20251123,3,QuoteAcceptRate,0.6567,0.62,0,0.0473,286,56,0.722,3,1.6.0
20251123,4,RMSEMins,12.1813,14.00,0,0.0237,242,39,0.380,3,1.4.0
20251123,5,AUC,0.7490,0.79,1,0.0716,99,138,0.557,2,1.2.0
20251123,6,Precision,0.7423,0.71,0,0.0993,110,81,0.675,0,2.0.0
20251123,7,MacroF1,0.8801,0.85,0,0.0704,46,380,0.778,1,1.1.0
20251124,1,MAPE,8.6147,12.00,0,0.0689,84,173,0.555,2,2.3.0
20251124,2,NDCG@5,0.8403,0.82,0,0.0415,690,50,0.804,2,3.1.0
20251124,3,QuoteAcceptRate,0.6362,0.62,0,0.0402,156,75,0.523,4,1.6.0
20251124,4,RMSEMins,12.6672,14.00,0,0.1079,132,33,0.603,4,1.4.0
20251124,5,AUC,0.8224,0.79,0,0.0484,54,163,0.431,3,1.2.0
20251124,6,Precision,0.7492,0.71,0,0.0807,60,66,0.839,1,2.0.0
20251124,7,MacroF1,0.8825,0.85,0,0.1098,25,328,0.419,2,1.1.0
20251125,1,MAPE,9.0077,12.00,0,0.0504,101,231,0.218,3,2.3.0
20251125,2,NDCG@5,0.8266,0.82,0,0.0926,828,45,0.505,3,3.1.0
20251125,3,QuoteAcceptRate,0.6577,0.62,0,0.0763,187,69,0.595,5,1.6.0
20251125,4,RMSEMins,12.1456,14.00,0,0.0878,158,42,0.740,5,1.4.0
20251125,5,AUC,0.8272,0.79,0,0.0276,65,154,0.779,4,1.2.0
20251125,6,Precision,0.7469,0.71,0,0.0608,72,86,0.485,2,2.0.0
20251125,7,MacroF1,0.9004,0.85,0,0.0681,30,287,0.542,3,1.1.0
20251126,1,MAPE,9.0356,12.00,0,0.0686,92,268,0.807,4,2.3.0
20251126,2,NDCG@5,0.8276,0.82,0,0.1093,759,42,0.397,4,3.1.0
20251126,3,QuoteAcceptRate,0.6598,0.62,0,0.0617,172,71,0.657,6,1.6.0
20251126,4,RMSEMins,12.9566,14.00,0,0.0986,145,38,0.532,6,1.4.0
20251126,5,AUC,0.8114,0.79,0,0.0868,59,219,0.679,5,1.2.0
20251126,6,Precision,0.7393,0.71,0,0.0846,66,77,0.827,3,2.0.0
20251126,7,MacroF1,0.8968,0.85,0,0.0660,28,382,0.431,4,1.1.0
20251127,1,MAPE,8.6818,12.00,0,0.0509,64,228,0.436,5,2.3.0
20251127,2,NDCG@5,0.8280,0.82,0,0.0460,529,48,0.735,5,3.1.0
20251127,3,QuoteAcceptRate,0.6668,0.62,0,0.0700,120,69,0.447,0,1.6.0
20251127,4,RMSEMins,13.1522,14.00,0,0.0904,101,49,0.419,0,1.4.0
20251127,5,AUC,0.7989,0.79,0,0.0416,41,156,0.507,6,1.2.0
20251127,6,Precision,0.7815,0.71,0,0.0814,46,85,0.505,4,2.0.0
20251127,7,MacroF1,0.8719,0.85,0,0.0303,19,326,0.356,5,1.1.0
20251128,1,MAPE,9.4418,12.00,0,0.0510,62,207,0.824,6,2.3.0
20251128,2,NDCG@5,0.8363,0.82,0,0.0672,506,38,0.390,6,3.1.0
20251128,3,QuoteAcceptRate,0.6670,0.62,0,0.0956,114,62,0.602,1,1.6.0
20251128,4,RMSEMins,12.5117,14.00,0,0.0461,97,38,0.519,1,1.4.0
20251128,5,AUC,0.8231,0.79,0,0.0459,40,179,0.714,0,1.2.0
20251128,6,Precision,0.7372,0.71,0,0.0953,44,58,0.792,5,2.0.0
20251128,7,MacroF1,0.8775,0.85,0,0.0297,18,331,0.468,6,1.1.0
20251129,1,MAPE,9.7772,12.00,0,0.0610,91,194,0.413,0,2.3.0
20251129,2,NDCG@5,0.8548,0.82,0,0.0435,748,49,0.345,0,3.1.0
20251129,3,QuoteAcceptRate,0.6738,0.62,0,0.1047,169,67,0.722,2,1.6.0
20251129,4,RMSEMins,12.7287,14.00,0,0.0683,143,48,0.631,2,1.4.0
20251129,5,AUC,0.7986,0.79,0,0.1067,58,141,0.413,1,1.2.0
20251129,6,Precision,0.7614,0.71,0,0.0973,65,78,0.410,6,2.0.0
20251129,7,MacroF1,0.8811,0.85,0,0.0904,27,396,0.608,0,1.1.0
20251130,1,MAPE,8.7214,12.00,0,0.0473,116,192,0.713,1,2.3.0
20251130,2,NDCG@5,0.8241,0.82,0,0.1085,954,46,0.600,1,3.1.0
20251130,3,QuoteAcceptRate,0.6502,0.62,0,0.0241,216,53,0.507,3,1.6.0
20251130,4,RMSEMins,12.9160,14.00,0,0.0764,183,51,0.205,3,1.4.0
20251130,5,AUC,0.8196,0.79,0,0.1077,75,169,0.447,2,1.2.0
20251130,6,Precision,0.7699,0.71,0,0.1099,83,77,0.215,0,2.0.0
20251130,7,MacroF1,0.8743,0.85,0,0.1100,35,349,0.388,1,1.1.0
20251201,1,MAPE,8.9874,12.00,0,0.0585,92,163,0.615,2,2.3.0
20251201,2,NDCG@5,0.8257,0.82,0,0.1073,759,47,0.622,2,3.1.0
20251201,3,QuoteAcceptRate,0.6223,0.62,0,0.0679,172,59,0.621,4,1.6.0
20251201,4,RMSEMins,13.7601,14.00,0,0.0762,145,38,0.300,4,1.4.0
20251201,5,AUC,0.7964,0.79,0,0.0724,59,151,0.736,3,1.2.0
20251201,6,Precision,0.7618,0.71,0,0.0887,66,68,0.516,1,2.0.0
20251201,7,MacroF1,0.8772,0.85,0,0.0847,28,370,0.582,2,1.1.0
20251202,1,MAPE,9.5342,12.00,0,0.0660,99,228,0.802,3,2.3.0
20251202,2,NDCG@5,0.8303,0.82,0,0.0316,816,54,0.468,3,3.1.0
20251202,3,QuoteAcceptRate,0.6577,0.62,0,0.0252,185,59,0.311,5,1.6.0
20251202,4,RMSEMins,12.9429,14.00,0,0.1094,156,42,0.251,5,1.4.0
20251202,5,AUC,0.8083,0.79,0,0.0505,64,146,0.382,4,1.2.0
20251202,6,Precision,0.7177,0.71,0,0.0869,71,64,0.681,2,2.0.0
20251202,7,MacroF1,0.7979,0.85,1,0.0640,30,361,0.345,3,1.1.0
20251203,1,MAPE,9.5274,12.00,0,0.0427,83,239,0.563,4,2.3.0
20251203,2,NDCG@5,0.8391,0.82,0,0.0393,678,55,0.418,4,3.1.0
20251203,3,QuoteAcceptRate,0.6603,0.62,0,0.0635,153,65,0.558,6,1.6.0
20251203,4,RMSEMins,12.0572,14.00,0,0.0662,130,41,0.802,6,1.4.0
20251203,5,AUC,0.8035,0.79,0,0.0684,53,166,0.736,5,1.2.0
20251203,6,Precision,0.7421,0.71,0,0.0486,59,76,0.507,3,2.0.0
20251203,7,MacroF1,0.8638,0.85,0,0.0707,25,374,0.346,4,1.1.0
20251204,1,MAPE,8.3771,12.00,0,0.0533,92,174,0.654,5,2.3.0
20251204,2,NDCG@5,0.8178,0.82,1,0.0381,759,47,0.764,5,3.1.0
20251204,3,QuoteAcceptRate,0.6376,0.62,0,0.0693,172,70,0.548,0,1.6.0
20251204,4,RMSEMins,13.0420,14.00,0,0.0648,145,42,0.775,0,1.4.0
20251204,5,AUC,0.7956,0.79,0,0.0368,59,150,0.532,6,1.2.0
20251204,6,Precision,0.7709,0.71,0,0.0704,66,61,0.278,4,2.0.0
20251204,7,MacroF1,0.8778,0.85,0,0.0850,28,363,0.380,5,1.1.0
20251205,1,MAPE,8.5655,12.00,0,0.0501,94,165,0.291,6,2.3.0
20251205,2,NDCG@5,0.8383,0.82,0,0.0823,770,57,0.626,6,3.1.0
20251205,3,QuoteAcceptRate,0.6534,0.62,0,0.0494,174,63,0.247,1,1.6.0
20251205,4,RMSEMins,12.8653,14.00,0,0.0533,147,38,0.373,1,1.4.0
20251205,5,AUC,0.8135,0.79,0,0.0827,60,133,0.371,0,1.2.0
20251205,6,Precision,0.7648,0.71,0,0.0350,67,78,0.422,5,2.0.0
20251205,7,MacroF1,0.8603,0.85,0,0.0739,28,363,0.811,6,1.1.0
20251206,1,MAPE,8.7277,12.00,0,0.0460,119,181,0.463,0,2.3.0
20251206,2,NDCG@5,0.8340,0.82,0,0.0316,978,41,0.828,0,3.1.0
20251206,3,QuoteAcceptRate,0.6718,0.62,0,0.0877,221,68,0.811,2,1.6.0
20251206,4,RMSEMins,12.1621,14.00,0,0.0261,187,45,0.443,2,1.4.0
20251206,5,AUC,0.8343,0.79,0,0.0531,76,158,0.660,1,1.2.0
20251206,6,Precision,0.7771,0.71,0,0.0464,85,63,0.559,6,2.0.0
20251206,7,MacroF1,0.8834,0.85,0,0.1037,36,341,0.492,0,1.1.0
20251207,1,MAPE,9.2215,12.00,0,0.0721,137,160,0.356,1,2.3.0
20251207,2,NDCG@5,0.8412,0.82,0,0.0751,1127,47,0.814,1,3.1.0
20251207,3,QuoteAcceptRate,0.6564,0.62,0,0.0990,255,49,0.751,3,1.6.0
20251207,4,RMSEMins,10.9428,14.00,0,0.0206,216,34,0.664,3,1.4.0
20251207,5,AUC,0.8042,0.79,0,0.0711,88,105,0.469,2,1.2.0
20251207,6,Precision,0.7675,0.71,0,0.0348,98,72,0.703,0,2.0.0
20251207,7,MacroF1,0.8741,0.85,0,0.0557,41,415,0.437,1,1.1.0
20251208,1,MAPE,9.2300,12.00,0,0.0502,90,209,0.504,2,2.3.0
20251208,2,NDCG@5,0.8188,0.82,1,0.0713,736,43,0.685,2,3.1.0
20251208,3,QuoteAcceptRate,0.6391,0.62,0,0.0909,166,54,0.791,4,1.6.0
20251208,4,RMSEMins,12.8748,14.00,0,0.0490,141,40,0.507,4,1.4.0
20251208,5,AUC,0.8122,0.79,0,0.0793,58,195,0.684,3,1.2.0
20251208,6,Precision,0.7451,0.71,0,0.0624,64,74,0.368,1,2.0.0
20251208,7,MacroF1,0.8558,0.85,0,0.0883,27,341,0.664,2,1.1.0
20251209,1,MAPE,9.5456,12.00,0,0.0438,88,233,0.544,3,2.3.0
20251209,2,NDCG@5,0.8363,0.82,0,0.0206,724,37,0.255,3,3.1.0
20251209,3,QuoteAcceptRate,0.6662,0.62,0,0.0249,164,46,0.430,5,1.6.0
20251209,4,RMSEMins,12.2030,14.00,0,0.0626,139,44,0.822,5,1.4.0
20251209,5,AUC,0.8219,0.79,0,0.1041,57,163,0.424,4,1.2.0
20251209,6,Precision,0.6612,0.71,1,0.0670,63,70,0.842,2,2.0.0
20251209,7,MacroF1,0.8977,0.85,0,0.0411,26,294,0.387,3,1.1.0
20251210,1,MAPE,8.9816,12.00,0,0.0630,95,190,0.780,4,2.3.0
20251210,2,NDCG@5,0.7616,0.82,1,0.0883,782,58,0.314,4,3.1.0
20251210,3,QuoteAcceptRate,0.6450,0.62,0,0.0518,177,65,0.327,6,1.6.0
20251210,4,RMSEMins,12.7814,14.00,0,0.0750,150,39,0.533,6,1.4.0
20251210,5,AUC,0.8172,0.79,0,0.0522,61,120,0.839,5,1.2.0
20251210,6,Precision,0.7521,0.71,0,0.0495,68,81,0.215,3,2.0.0
20251210,7,MacroF1,0.8007,0.85,1,0.0693,29,375,0.656,4,1.1.0
20251211,1,MAPE,8.8801,12.00,0,0.0560,88,214,0.701,5,2.3.0
20251211,2,NDCG@5,0.8165,0.82,1,0.1035,724,44,0.487,5,3.1.0
20251211,3,QuoteAcceptRate,0.6444,0.62,0,0.0222,164,62,0.273,0,1.6.0
20251211,4,RMSEMins,12.7000,14.00,0,0.0809,139,38,0.336,0,1.4.0
20251211,5,AUC,0.8008,0.79,0,0.0604,57,133,0.559,6,1.2.0
20251211,6,Precision,0.7664,0.71,0,0.0592,63,67,0.625,4,2.0.0
20251211,7,MacroF1,0.8843,0.85,0,0.0371,26,337,0.547,5,1.1.0
20251212,1,MAPE,10.4191,12.00,0,0.0666,98,220,0.257,6,2.3.0
20251212,2,NDCG@5,0.7644,0.82,1,0.0305,805,45,0.251,6,3.1.0
20251212,3,QuoteAcceptRate,0.6527,0.62,0,0.0738,182,60,0.457,1,1.6.0
20251212,4,RMSEMins,13.6609,14.00,0,0.0891,154,36,0.770,1,1.4.0
20251212,5,AUC,0.8094,0.79,0,0.0443,63,138,0.729,0,1.2.0
20251212,6,Precision,0.7204,0.71,0,0.0964,70,86,0.519,5,2.0.0
20251212,7,MacroF1,0.8873,0.85,0,0.0840,29,327,0.360,6,1.1.0
20251213,1,MAPE,9.7905,12.00,0,0.0510,119,197,0.384,0,2.3.0
20251213,2,NDCG@5,0.8287,0.82,0,0.0427,978,54,0.400,0,3.1.0
20251213,3,QuoteAcceptRate,0.6666,0.62,0,0.0724,221,61,0.488,2,1.6.0
20251213,4,RMSEMins,12.8711,14.00,0,0.0623,187,39,0.288,2,1.4.0
20251213,5,AUC,0.8302,0.79,0,0.0777,76,146,0.726,1,1.2.0
20251213,6,Precision,0.7064,0.71,1,0.0273,85,82,0.483,6,2.0.0
20251213,7,MacroF1,0.8839,0.85,0,0.1024,36,340,0.820,0,1.1.0
20251214,1,MAPE,7.9790,12.00,0,0.0603,136,216,0.296,1,2.3.0
20251214,2,NDCG@5,0.8142,0.82,1,0.0347,1116,53,0.419,1,3.1.0
20251214,3,QuoteAcceptRate,0.6585,0.62,0,0.0337,252,64,0.277,3,1.6.0
20251214,4,RMSEMins,12.5379,14.00,0,0.0435,213,38,0.422,3,1.4.0
20251214,5,AUC,0.8164,0.79,0,0.0371,87,151,0.543,2,1.2.0
20251214,6,Precision,0.7334,0.71,0,0.0908,97,68,0.300,0,2.0.0
20251214,7,MacroF1,0.8698,0.85,0,0.0484,41,368,0.556,1,1.1.0
20251215,1,MAPE,9.9765,12.00,0,0.0356,119,253,0.779,2,2.3.0
20251215,2,NDCG@5,0.8237,0.82,0,0.0201,978,45,0.360,2,3.1.0
20251215,3,QuoteAcceptRate,0.6585,0.62,0,0.0522,221,58,0.642,4,1.6.0
20251215,4,RMSEMins,12.6790,14.00,0,0.0606,187,39,0.240,4,1.4.0
20251215,5,AUC,0.8082,0.79,0,0.1004,76,163,0.834,3,1.2.0
20251215,6,Precision,0.8006,0.71,0,0.0393,85,76,0.377,1,2.0.0
20251215,7,MacroF1,0.8653,0.85,0,0.1084,36,429,0.201,2,1.1.0
20251216,1,MAPE,8.9978,12.00,0,0.0365,92,227,0.321,3,2.3.0
20251216,2,NDCG@5,0.8362,0.82,0,0.0707,759,42,0.327,3,3.1.0
20251216,3,QuoteAcceptRate,0.6757,0.62,0,0.0955,172,67,0.209,5,1.6.0
20251216,4,RMSEMins,12.7004,14.00,0,0.1004,145,51,0.665,5,1.4.0
20251216,5,AUC,0.8239,0.79,0,0.0572,59,146,0.609,4,1.2.0
20251216,6,Precision,0.6970,0.71,1,0.0208,66,93,0.605,2,2.0.0
20251216,7,MacroF1,0.8974,0.85,0,0.0590,28,333,0.528,3,1.1.0
20251217,1,MAPE,8.6340,12.00,0,0.0487,88,243,0.592,4,2.3.0
20251217,2,NDCG@5,0.8326,0.82,0,0.0546,724,43,0.497,4,3.1.0
20251217,3,QuoteAcceptRate,0.6955,0.62,0,0.0461,164,57,0.444,6,1.6.0
20251217,4,RMSEMins,12.7109,14.00,0,0.0273,139,32,0.279,6,1.4.0
20251217,5,AUC,0.8310,0.79,0,0.0951,57,167,0.310,5,1.2.0
20251217,6,Precision,0.7586,0.71,0,0.0947,63,82,0.776,3,2.0.0
20251217,7,MacroF1,0.8633,0.85,0,0.0677,26,322,0.558,4,1.1.0
20251218,1,MAPE,9.1408,12.00,0,0.0379,94,233,0.823,5,2.3.0
20251218,2,NDCG@5,0.8291,0.82,0,0.0814,770,41,0.468,5,3.1.0
20251218,3,QuoteAcceptRate,0.6881,0.62,0,0.0938,174,68,0.346,0,1.6.0
20251218,4,RMSEMins,14.2054,14.00,1,0.0759,147,36,0.463,0,1.4.0
20251218,5,AUC,0.8131,0.79,0,0.0919,60,150,0.415,6,1.2.0
20251218,6,Precision,0.7152,0.71,0,0.0695,67,73,0.426,4,2.0.0
20251218,7,MacroF1,0.8779,0.85,0,0.0714,28,309,0.314,5,1.1.0
20251219,1,MAPE,9.1473,12.00,0,0.0590,95,187,0.451,6,2.3.0
20251219,2,NDCG@5,0.8346,0.82,0,0.1085,782,45,0.787,6,3.1.0
20251219,3,QuoteAcceptRate,0.6596,0.62,0,0.0354,177,72,0.616,1,1.6.0
20251219,4,RMSEMins,13.3439,14.00,0,0.1025,150,38,0.501,1,1.4.0
20251219,5,AUC,0.8043,0.79,0,0.0982,61,137,0.360,0,1.2.0
20251219,6,Precision,0.7466,0.71,0,0.0604,68,80,0.523,5,2.0.0
20251219,7,MacroF1,0.8764,0.85,0,0.0529,29,321,0.523,6,1.1.0
20251220,1,MAPE,8.9627,12.00,0,0.0690,123,185,0.278,0,2.3.0
20251220,2,NDCG@5,0.8295,0.82,0,0.0322,1012,41,0.806,0,3.1.0
20251220,3,QuoteAcceptRate,0.6506,0.62,0,0.0413,229,72,0.259,2,1.6.0
20251220,4,RMSEMins,12.6182,14.00,0,0.0261,194,39,0.622,2,1.4.0
20251220,5,AUC,0.8114,0.79,0,0.1004,79,159,0.221,1,1.2.0
20251220,6,Precision,0.7250,0.71,0,0.0456,88,88,0.849,6,2.0.0
20251220,7,MacroF1,0.8845,0.85,0,0.0852,37,281,0.775,0,1.1.0
20251221,1,MAPE,8.5736,12.00,0,0.0574,143,213,0.220,1,2.3.0
20251221,2,NDCG@5,0.8261,0.82,0,0.0664,1173,56,0.678,1,3.1.0
20251221,3,QuoteAcceptRate,0.6585,0.62,0,0.0842,265,56,0.591,3,1.6.0
20251221,4,RMSEMins,13.8353,14.00,0,0.0596,224,40,0.551,3,1.4.0
20251221,5,AUC,0.8129,0.79,0,0.0814,92,161,0.576,2,1.2.0
20251221,6,Precision,0.7875,0.71,0,0.0840,102,52,0.337,0,2.0.0
20251221,7,MacroF1,0.8928,0.85,0,0.0915,43,286,0.805,1,1.1.0
20251222,1,MAPE,9.1869,12.00,0,0.0705,74,173,0.212,2,2.3.0
20251222,2,NDCG@5,0.8284,0.82,0,0.1039,610,41,0.721,2,3.1.0
20251222,3,QuoteAcceptRate,0.6613,0.62,0,0.0211,138,56,0.546,4,1.6.0
20251222,4,RMSEMins,10.8039,14.00,0,0.0542,117,42,0.550,4,1.4.0
20251222,5,AUC,0.8233,0.79,0,0.0408,48,151,0.625,3,1.2.0
20251222,6,Precision,0.7629,0.71,0,0.0779,53,90,0.529,1,2.0.0
20251222,7,MacroF1,0.8924,0.85,0,0.0244,22,365,0.762,2,1.1.0
20251223,1,MAPE,10.1637,12.00,0,0.0490,97,236,0.444,3,2.3.0
20251223,2,NDCG@5,0.8274,0.82,0,0.0218,794,55,0.216,3,3.1.0
20251223,3,QuoteAcceptRate,0.6430,0.62,0,0.0916,179,62,0.628,5,1.6.0
20251223,4,RMSEMins,13.3982,14.00,0,0.0842,152,33,0.411,5,1.4.0
20251223,5,AUC,0.8234,0.79,0,0.0236,62,123,0.823,4,1.2.0
20251223,6,Precision,0.7472,0.71,0,0.0565,69,67,0.461,2,2.0.0
20251223,7,MacroF1,0.8562,0.85,0,0.0711,29,325,0.563,3,1.1.0
20251224,1,MAPE,9.2117,12.00,0,0.0508,101,196,0.593,4,2.3.0
20251224,2,NDCG@5,0.8496,0.82,0,0.0352,828,46,0.736,4,3.1.0
20251224,3,QuoteAcceptRate,0.6732,0.62,0,0.0703,187,68,0.710,6,1.6.0
20251224,4,RMSEMins,11.8098,14.00,0,0.0273,158,35,0.417,6,1.4.0
20251224,5,AUC,0.8240,0.79,0,0.0468,65,168,0.420,5,1.2.0
20251224,6,Precision,0.7530,0.71,0,0.0809,72,72,0.395,3,2.0.0
20251224,7,MacroF1,0.8594,0.85,0,0.0352,30,336,0.211,4,1.1.0
20251225,1,MAPE,8.9872,12.00,0,0.0391,105,197,0.222,5,2.3.0
20251225,2,NDCG@5,0.8208,0.82,0,0.0445,862,47,0.505,5,3.1.0
20251225,3,QuoteAcceptRate,0.6838,0.62,0,0.0749,195,40,0.659,0,1.6.0
20251225,4,RMSEMins,12.5113,14.00,0,0.0606,165,40,0.344,0,1.4.0
20251225,5,AUC,0.8029,0.79,0,0.0456,68,152,0.297,6,1.2.0
20251225,6,Precision,0.7439,0.71,0,0.1010,75,66,0.437,4,2.0.0
20251225,7,MacroF1,0.8448,0.85,1,0.0976,32,317,0.840,5,1.1.0
20251226,1,MAPE,8.6876,12.00,0,0.0447,105,194,0.323,6,2.3.0
20251226,2,NDCG@5,0.8283,0.82,0,0.0648,862,63,0.309,6,3.1.0
20251226,3,QuoteAcceptRate,0.6812,0.62,0,0.0841,195,61,0.289,1,1.6.0
20251226,4,RMSEMins,12.2399,14.00,0,0.0887,165,36,0.587,1,1.4.0
20251226,5,AUC,0.8093,0.79,0,0.0300,68,178,0.840,0,1.2.0
20251226,6,Precision,0.8007,0.71,0,0.0653,75,71,0.785,5,2.0.0
20251226,7,MacroF1,0.8666,0.85,0,0.0723,32,325,0.338,6,1.1.0
20251227,1,MAPE,8.1573,12.00,0,0.0718,113,208,0.307,0,2.3.0
20251227,2,NDCG@5,0.8150,0.82,1,0.0502,932,53,0.323,0,3.1.0
20251227,3,QuoteAcceptRate,0.6823,0.62,0,0.0234,211,49,0.522,2,1.6.0
20251227,4,RMSEMins,13.0066,14.00,0,0.0490,178,37,0.663,2,1.4.0
20251227,5,AUC,0.8174,0.79,0,0.0340,73,153,0.440,1,1.2.0
20251227,6,Precision,0.7623,0.71,0,0.0826,81,73,0.812,6,2.0.0
20251227,7,MacroF1,0.8593,0.85,0,0.1026,34,289,0.742,0,1.1.0
20251228,1,MAPE,9.0087,12.00,0,0.0527,141,258,0.596,1,2.3.0
20251228,2,NDCG@5,0.8205,0.82,0,0.0881,1162,52,0.691,1,3.1.0
20251228,3,QuoteAcceptRate,0.6709,0.62,0,0.0894,263,60,0.550,3,1.6.0
20251228,4,RMSEMins,13.4257,14.00,0,0.0370,222,39,0.391,3,1.4.0
20251228,5,AUC,0.8229,0.79,0,0.0961,91,181,0.541,2,1.2.0
20251228,6,Precision,0.7670,0.71,0,0.1091,101,64,0.654,0,2.0.0
20251228,7,MacroF1,0.8840,0.85,0,0.0593,42,264,0.231,1,1.1.0
20251229,1,MAPE,9.9029,12.00,0,0.0737,90,216,0.379,2,2.3.0
20251229,2,NDCG@5,0.8343,0.82,0,0.0545,736,54,0.624,2,3.1.0
20251229,3,QuoteAcceptRate,0.6867,0.62,0,0.0594,166,49,0.341,4,1.6.0
20251229,4,RMSEMins,12.2107,14.00,0,0.0899,141,42,0.430,4,1.4.0
20251229,5,AUC,0.7986,0.79,0,0.0204,58,192,0.282,3,1.2.0
20251229,6,Precision,0.7217,0.71,0,0.0480,64,70,0.460,1,2.0.0
20251229,7,MacroF1,0.8488,0.85,1,0.0330,27,323,0.637,2,1.1.0
20251230,1,MAPE,8.0392,12.00,0,0.0680,85,196,0.400,3,2.3.0
20251230,2,NDCG@5,0.8182,0.82,1,0.0556,702,40,0.478,3,3.1.0
20251230,3,QuoteAcceptRate,0.6833,0.62,0,0.0745,159,58,0.583,5,1.6.0
20251230,4,RMSEMins,12.9128,14.00,0,0.0708,134,41,0.249,5,1.4.0
20251230,5,AUC,0.7993,0.79,0,0.1087,55,150,0.826,4,1.2.0
20251230,6,Precision,0.7370,0.71,0,0.0696,61,97,0.453,2,2.0.0
20251230,7,MacroF1,0.8620,0.85,0,0.0750,26,317,0.841,3,1.1.0
20251231,1,MAPE,9.2836,12.00,0,0.0419,56,201,0.827,4,2.3.0
20251231,2,NDCG@5,0.8339,0.82,0,0.0913,460,39,0.487,4,3.1.0
20251231,3,QuoteAcceptRate,0.6768,0.62,0,0.0476,104,60,0.266,6,1.6.0
20251231,4,RMSEMins,13.1817,14.00,0,0.0453,88,35,0.299,6,1.4.0
20251231,5,AUC,0.8050,0.79,0,0.0895,36,199,0.218,5,1.2.0
20251231,6,Precision,0.7542,0.71,0,0.0633,40,80,0.727,3,2.0.0
20251231,7,MacroF1,0.8940,0.85,0,0.0523,17,313,0.314,4,1.1.0
20260101,1,MAPE,9.6309,12.00,0,0.0611,109,186,0.633,5,2.3.0
20260101,2,NDCG@5,0.8114,0.82,1,0.0253,897,44,0.373,5,3.1.0
20260101,3,QuoteAcceptRate,0.6490,0.62,0,0.0411,203,58,0.372,0,1.6.0
20260101,4,RMSEMins,12.6696,14.00,0,0.0531,172,45,0.262,0,1.4.0
20260101,5,AUC,0.8168,0.79,0,0.0396,70,124,0.659,6,1.2.0
20260101,6,Precision,0.7223,0.71,0,0.0383,78,70,0.542,4,2.0.0
20260101,7,MacroF1,0.8845,0.85,0,0.0940,33,333,0.448,5,1.1.0
20260102,1,MAPE,9.8623,12.00,0,0.0579,108,178,0.617,6,2.3.0
20260102,2,NDCG@5,0.8231,0.82,0,0.0257,886,47,0.761,6,3.1.0
20260102,3,QuoteAcceptRate,0.6635,0.62,0,0.0314,200,57,0.667,1,1.6.0
20260102,4,RMSEMins,12.8105,14.00,0,0.0732,169,35,0.408,1,1.4.0
20260102,5,AUC,0.8349,0.79,0,0.0223,69,128,0.380,0,1.2.0
20260102,6,Precision,0.7453,0.71,0,0.0365,77,95,0.503,5,2.0.0
20260102,7,MacroF1,0.8877,0.85,0,0.0418,32,308,0.434,6,1.1.0
20260103,1,MAPE,9.4529,12.00,0,0.0649,164,176,0.571,0,2.3.0
20260103,2,NDCG@5,0.8305,0.82,0,0.0201,1346,49,0.800,0,3.1.0
20260103,3,QuoteAcceptRate,0.6501,0.62,0,0.1057,304,51,0.384,2,1.6.0
20260103,4,RMSEMins,13.6300,14.00,0,0.0870,257,36,0.816,2,1.4.0
20260103,5,AUC,0.8252,0.79,0,0.0325,105,153,0.654,1,1.2.0
20260103,6,Precision,0.7757,0.71,0,0.0478,117,73,0.479,6,2.0.0
20260103,7,MacroF1,0.8851,0.85,0,0.0577,49,256,0.469,0,1.1.0
20260104,1,MAPE,9.3003,12.00,0,0.0381,155,208,0.324,1,2.3.0
20260104,2,NDCG@5,0.8264,0.82,0,0.0949,1276,51,0.781,1,3.1.0
20260104,3,QuoteAcceptRate,0.6741,0.62,0,0.0619,289,80,0.457,3,1.6.0
20260104,4,RMSEMins,12.1972,14.00,0,0.0778,244,30,0.632,3,1.4.0
20260104,5,AUC,0.8112,0.79,0,0.0913,100,176,0.653,2,1.2.0
20260104,6,Precision,0.7490,0.71,0,0.0592,111,75,0.205,0,2.0.0
20260104,7,MacroF1,0.8773,0.85,0,0.0766,47,415,0.745,1,1.1.0
20260105,1,MAPE,10.2380,12.00,0,0.0608,95,198,0.745,2,2.3.0
20260105,2,NDCG@5,0.8297,0.82,0,0.0886,782,41,0.499,2,3.1.0
20260105,3,QuoteAcceptRate,0.6630,0.62,0,0.0425,177,55,0.285,4,1.6.0
20260105,4,RMSEMins,12.8004,14.00,0,0.1056,150,42,0.459,4,1.4.0
20260105,5,AUC,0.8176,0.79,0,0.0991,61,132,0.594,3,1.2.0
20260105,6,Precision,0.7419,0.71,0,0.0202,68,76,0.640,1,2.0.0
20260105,7,MacroF1,0.8979,0.85,0,0.0945,29,357,0.364,2,1.1.0
20260106,1,MAPE,8.6929,12.00,0,0.0574,119,182,0.436,3,2.3.0
20260106,2,NDCG@5,0.8199,0.82,1,0.1045,978,46,0.679,3,3.1.0
20260106,3,QuoteAcceptRate,0.6708,0.62,0,0.0607,221,60,0.435,5,1.6.0
20260106,4,RMSEMins,13.6696,14.00,0,0.0559,187,38,0.508,5,1.4.0
20260106,5,AUC,0.8116,0.79,0,0.0388,76,169,0.371,4,1.2.0
20260106,6,Precision,0.6986,0.71,1,0.0658,85,63,0.234,2,2.0.0
20260106,7,MacroF1,0.8771,0.85,0,0.0536,36,384,0.569,3,1.1.0
20260107,1,MAPE,8.8439,12.00,0,0.0366,111,175,0.442,4,2.3.0
20260107,2,NDCG@5,0.8112,0.82,1,0.0605,908,37,0.813,4,3.1.0
20260107,3,QuoteAcceptRate,0.6348,0.62,0,0.0756,205,63,0.303,6,1.6.0
20260107,4,RMSEMins,12.6818,14.00,0,0.0483,174,35,0.403,6,1.4.0
20260107,5,AUC,0.8133,0.79,0,0.0340,71,165,0.594,5,1.2.0
20260107,6,Precision,0.7306,0.71,0,0.0761,79,97,0.483,3,2.0.0
20260107,7,MacroF1,0.8675,0.85,0,0.0392,33,339,0.215,4,1.1.0
20260108,1,MAPE,9.5059,12.00,0,0.0385,125,189,0.471,5,2.3.0
20260108,2,NDCG@5,0.8395,0.82,0,0.0393,1024,39,0.586,5,3.1.0
20260108,3,QuoteAcceptRate,0.6416,0.62,0,0.0353,231,50,0.209,0,1.6.0
20260108,4,RMSEMins,12.4177,14.00,0,0.0367,196,40,0.365,0,1.4.0
20260108,5,AUC,0.8217,0.79,0,0.0266,80,171,0.796,6,1.2.0
20260108,6,Precision,0.7338,0.71,0,0.0961,89,59,0.358,4,2.0.0
20260108,7,MacroF1,0.8884,0.85,0,0.0587,37,330,0.783,5,1.1.0
20260109,1,MAPE,8.1104,12.00,0,0.0610,101,219,0.524,6,2.3.0
20260109,2,NDCG@5,0.8171,0.82,1,0.0713,828,55,0.497,6,3.1.0
20260109,3,QuoteAcceptRate,0.6719,0.62,0,0.0903,187,57,0.810,1,1.6.0
20260109,4,RMSEMins,13.1115,14.00,0,0.0846,158,40,0.710,1,1.4.0
20260109,5,AUC,0.8066,0.79,0,0.0656,65,149,0.581,0,1.2.0
20260109,6,Precision,0.7116,0.71,0,0.0870,72,66,0.635,5,2.0.0
20260109,7,MacroF1,0.8882,0.85,0,0.0700,30,333,0.565,6,1.1.0
20260110,1,MAPE,8.6440,12.00,0,0.0647,171,220,0.226,0,2.3.0
20260110,2,NDCG@5,0.8223,0.82,0,0.0433,1403,39,0.818,0,3.1.0
20260110,3,QuoteAcceptRate,0.6447,0.62,0,0.0608,317,69,0.811,2,1.6.0
20260110,4,RMSEMins,12.5432,14.00,0,0.0630,268,32,0.806,2,1.4.0
20260110,5,AUC,0.8224,0.79,0,0.0793,110,188,0.509,1,1.2.0
20260110,6,Precision,0.7614,0.71,0,0.0710,122,66,0.275,6,2.0.0
20260110,7,MacroF1,0.8773,0.85,0,0.0957,51,349,0.607,0,1.1.0
20260111,1,MAPE,7.9561,12.00,0,0.0549,157,210,0.825,1,2.3.0
20260111,2,NDCG@5,0.8119,0.82,1,0.0756,1288,51,0.695,1,3.1.0
20260111,3,QuoteAcceptRate,0.6837,0.62,0,0.1068,291,65,0.264,3,1.6.0
20260111,4,RMSEMins,13.5967,14.00,0,0.0350,246,35,0.828,3,1.4.0
20260111,5,AUC,0.8260,0.79,0,0.0847,101,193,0.678,2,1.2.0
20260111,6,Precision,0.7711,0.71,0,0.0421,112,59,0.547,0,2.0.0
20260111,7,MacroF1,0.8873,0.85,0,0.0549,47,355,0.581,1,1.1.0
20260112,1,MAPE,8.1606,12.00,0,0.0592,119,208,0.698,2,2.3.0
20260112,2,NDCG@5,0.8328,0.82,0,0.0312,978,41,0.583,2,3.1.0
20260112,3,QuoteAcceptRate,0.6652,0.62,0,0.0994,221,68,0.734,4,1.6.0
20260112,4,RMSEMins,12.8741,14.00,0,0.0830,187,42,0.554,4,1.4.0
20260112,5,AUC,0.8134,0.79,0,0.1060,76,180,0.248,3,1.2.0
20260112,6,Precision,0.7404,0.71,0,0.0480,85,66,0.815,1,2.0.0
20260112,7,MacroF1,0.7835,0.85,1,0.0255,36,424,0.797,2,1.1.0
20260113,1,MAPE,9.0334,12.00,0,0.0458,105,241,0.542,3,2.3.0
20260113,2,NDCG@5,0.8262,0.82,0,0.0515,862,44,0.455,3,3.1.0
20260113,3,QuoteAcceptRate,0.6628,0.62,0,0.0305,195,72,0.210,5,1.6.0
20260113,4,RMSEMins,13.0225,14.00,0,0.0835,165,37,0.327,5,1.4.0
20260113,5,AUC,0.8110,0.79,0,0.0931,68,157,0.718,4,1.2.0
20260113,6,Precision,0.7025,0.71,1,0.0790,75,72,0.356,2,2.0.0
20260113,7,MacroF1,0.8962,0.85,0,0.0298,32,433,0.482,3,1.1.0
20260114,1,MAPE,9.9017,12.00,0,0.0456,123,175,0.316,4,2.3.0
20260114,2,NDCG@5,0.8242,0.82,0,0.0541,1012,47,0.560,4,3.1.0
20260114,3,QuoteAcceptRate,0.6585,0.62,0,0.1028,229,64,0.699,6,1.6.0
20260114,4,RMSEMins,13.3391,14.00,0,0.0333,194,42,0.694,6,1.4.0
20260114,5,AUC,0.8178,0.79,0,0.0353,79,143,0.606,5,1.2.0
20260114,6,Precision,0.7665,0.71,0,0.0846,88,67,0.576,3,2.0.0
20260114,7,MacroF1,0.8787,0.85,0,0.0919,37,304,0.279,4,1.1.0
20260115,1,MAPE,9.6144,12.00,0,0.0619,111,264,0.321,5,2.3.0
20260115,2,NDCG@5,0.8276,0.82,0,0.0838,908,46,0.705,5,3.1.0
20260115,3,QuoteAcceptRate,0.6716,0.62,0,0.0300,205,65,0.430,0,1.6.0
20260115,4,RMSEMins,12.9565,14.00,0,0.0428,174,43,0.269,0,1.4.0
20260115,5,AUC,0.8389,0.79,0,0.0320,71,127,0.533,6,1.2.0
20260115,6,Precision,0.7631,0.71,0,0.0873,79,72,0.770,4,2.0.0
20260115,7,MacroF1,0.8895,0.85,0,0.0305,33,411,0.518,5,1.1.0
20260115,8,AUC,0.7689,0.74,0,0.0494,245,59,0.311,0,1.0.0
20260116,1,MAPE,8.6348,12.00,0,0.0412,113,232,0.521,6,2.3.0
20260116,2,NDCG@5,0.8178,0.82,1,0.0845,932,44,0.750,6,3.1.0
20260116,3,QuoteAcceptRate,0.6484,0.62,0,0.0920,211,56,0.335,1,1.6.0
20260116,4,RMSEMins,12.9243,14.00,0,0.0428,178,36,0.464,1,1.4.0
20260116,5,AUC,0.8282,0.79,0,0.0935,73,174,0.703,0,1.2.0
20260116,6,Precision,0.7928,0.71,0,0.0948,81,79,0.577,5,2.0.0
20260116,7,MacroF1,0.8667,0.85,0,0.0662,34,371,0.352,6,1.1.0
20260116,8,AUC,0.7306,0.74,1,0.0526,251,41,0.650,1,1.0.0
20260117,1,MAPE,9.5035,12.00,0,0.0437,179,250,0.824,0,2.3.0
20260117,2,NDCG@5,0.8254,0.82,0,0.0271,1472,46,0.434,0,3.1.0
20260117,3,QuoteAcceptRate,0.6420,0.62,0,0.0989,333,62,0.767,2,1.6.0
20260117,4,RMSEMins,12.5119,14.00,0,0.0481,282,42,0.239,2,1.4.0
20260117,5,AUC,0.8252,0.79,0,0.0487,115,189,0.655,1,1.2.0
20260117,6,Precision,0.7596,0.71,0,0.1047,128,67,0.393,6,2.0.0
20260117,7,MacroF1,0.8804,0.85,0,0.0521,54,436,0.540,0,1.1.0
20260117,8,AUC,0.7877,0.74,0,0.0203,397,42,0.848,2,1.0.0
20260118,1,MAPE,9.0563,12.00,0,0.0434,155,207,0.671,1,2.3.0
20260118,2,NDCG@5,0.8113,0.82,1,0.0682,1276,40,0.411,1,3.1.0
20260118,3,QuoteAcceptRate,0.6439,0.62,0,0.0859,289,61,0.732,3,1.6.0
20260118,4,RMSEMins,12.9377,14.00,0,0.0988,244,39,0.219,3,1.4.0
20260118,5,AUC,0.8330,0.79,0,0.0909,100,185,0.389,2,1.2.0
20260118,6,Precision,0.7674,0.71,0,0.0591,111,67,0.785,0,2.0.0
20260118,7,MacroF1,0.8870,0.85,0,0.0451,47,324,0.235,1,1.1.0
20260118,8,AUC,0.7489,0.74,0,0.0777,344,49,0.580,3,1.0.0
20260119,1,MAPE,9.0890,12.00,0,0.0375,115,218,0.683,2,2.3.0
20260119,2,NDCG@5,0.8347,0.82,0,0.0310,943,46,0.590,2,3.1.0
20260119,3,QuoteAcceptRate,0.6556,0.62,0,0.0755,213,56,0.503,4,1.6.0
20260119,4,RMSEMins,13.3489,14.00,0,0.0536,180,36,0.249,4,1.4.0
20260119,5,AUC,0.8251,0.79,0,0.1089,74,119,0.496,3,1.2.0
20260119,6,Precision,0.7628,0.71,0,0.0668,82,68,0.551,1,2.0.0
20260119,7,MacroF1,0.8696,0.85,0,0.0729,34,348,0.242,2,1.1.0
20260119,8,AUC,0.7520,0.74,0,0.0726,254,45,0.306,4,1.0.0
20260120,1,MAPE,8.7046,12.00,0,0.0601,104,171,0.608,3,2.3.0
20260120,2,NDCG@5,0.8310,0.82,0,0.0962,851,51,0.267,3,3.1.0
20260120,3,QuoteAcceptRate,0.6546,0.62,0,0.0474,192,61,0.238,5,1.6.0
20260120,4,RMSEMins,12.9455,14.00,0,0.0311,163,31,0.538,5,1.4.0
20260120,5,AUC,0.7524,0.79,1,0.0784,67,137,0.296,4,1.2.0
20260120,6,Precision,0.7424,0.71,0,0.1011,74,80,0.460,2,2.0.0
20260120,7,MacroF1,0.8715,0.85,0,0.0997,31,304,0.435,3,1.1.0
20260120,8,AUC,0.7636,0.74,0,0.1069,229,48,0.764,5,1.0.0
20260121,1,MAPE,8.6869,12.00,0,0.0620,119,226,0.818,4,2.3.0
20260121,2,NDCG@5,0.8365,0.82,0,0.0284,978,49,0.614,4,3.1.0
20260121,3,QuoteAcceptRate,0.6658,0.62,0,0.0240,221,63,0.374,6,1.6.0
20260121,4,RMSEMins,12.9247,14.00,0,0.0709,187,39,0.380,6,1.4.0
20260121,5,AUC,0.8229,0.79,0,0.0639,76,170,0.222,5,1.2.0
20260121,6,Precision,0.6985,0.71,1,0.0529,85,88,0.491,3,2.0.0
20260121,7,MacroF1,0.8590,0.85,0,0.0631,36,313,0.495,4,1.1.0
20260121,8,AUC,0.7900,0.74,0,0.0510,264,44,0.485,6,1.0.0
20260122,1,MAPE,9.0459,12.00,0,0.0706,122,264,0.503,5,2.3.0
20260122,2,NDCG@5,0.8314,0.82,0,0.0402,1000,56,0.745,5,3.1.0
20260122,3,QuoteAcceptRate,0.6645,0.62,0,0.0818,226,58,0.285,0,1.6.0
20260122,4,RMSEMins,12.0328,14.00,0,0.0959,191,39,0.397,0,1.4.0
20260122,5,AUC,0.8458,0.79,0,0.0543,78,147,0.706,6,1.2.0
20260122,6,Precision,0.7447,0.71,0,0.0543,87,77,0.315,4,2.0.0
20260122,7,MacroF1,0.8777,0.85,0,0.0270,37,304,0.543,5,1.1.0
20260122,8,AUC,0.7512,0.74,0,0.0560,270,38,0.820,0,1.0.0
20260123,1,MAPE,8.7754,12.00,0,0.0368,113,177,0.442,6,2.3.0
20260123,2,NDCG@5,0.8134,0.82,1,0.0935,932,51,0.276,6,3.1.0
20260123,3,QuoteAcceptRate,0.6803,0.62,0,0.0710,211,49,0.264,1,1.6.0
20260123,4,RMSEMins,12.9293,14.00,0,0.0779,178,45,0.514,1,1.4.0
20260123,5,AUC,0.8107,0.79,0,0.0751,73,155,0.492,0,1.2.0
20260123,6,Precision,0.7447,0.71,0,0.0858,81,98,0.459,5,2.0.0
20260123,7,MacroF1,0.8667,0.85,0,0.0939,34,340,0.415,6,1.1.0
20260123,8,AUC,0.7820,0.74,0,0.0324,251,52,0.619,1,1.0.0
20260124,1,MAPE,9.1206,12.00,0,0.0646,129,200,0.722,0,2.3.0
20260124,2,NDCG@5,0.8312,0.82,0,0.0737,1058,43,0.842,0,3.1.0
20260124,3,QuoteAcceptRate,0.6877,0.62,0,0.0518,239,56,0.448,2,1.6.0
20260124,4,RMSEMins,12.7330,14.00,0,0.0669,202,41,0.547,2,1.4.0
20260124,5,AUC,0.8280,0.79,0,0.0909,83,153,0.720,1,1.2.0
20260124,6,Precision,0.7492,0.71,0,0.0464,92,67,0.446,6,2.0.0
20260124,7,MacroF1,0.8617,0.85,0,0.0720,39,367,0.304,0,1.1.0
20260124,8,AUC,0.7471,0.74,0,0.0854,285,43,0.207,2,1.0.0
20260125,1,MAPE,8.8047,12.00,0,0.0683,160,208,0.391,1,2.3.0
20260125,2,NDCG@5,0.8088,0.82,1,0.0880,1311,58,0.742,1,3.1.0
20260125,3,QuoteAcceptRate,0.6154,0.62,1,0.0689,296,77,0.480,3,1.6.0
20260125,4,RMSEMins,13.2938,14.00,0,0.0585,251,36,0.400,3,1.4.0
20260125,5,AUC,0.8198,0.79,0,0.0811,103,138,0.803,2,1.2.0
20260125,6,Precision,0.7455,0.71,0,0.0293,114,92,0.478,0,2.0.0
20260125,7,MacroF1,0.8873,0.85,0,0.0717,48,462,0.352,1,1.1.0
20260125,8,AUC,0.7426,0.74,0,0.0340,353,38,0.678,3,1.0.0
20260126,1,MAPE,9.7325,12.00,0,0.0574,106,200,0.486,2,2.3.0
20260126,2,NDCG@5,0.8166,0.82,1,0.0374,874,54,0.647,2,3.1.0
20260126,3,QuoteAcceptRate,0.6724,0.62,0,0.0631,198,42,0.454,4,1.6.0
20260126,4,RMSEMins,13.4458,14.00,0,0.0708,167,34,0.558,4,1.4.0
20260126,5,AUC,0.8219,0.79,0,0.0299,68,164,0.431,3,1.2.0
20260126,6,Precision,0.7697,0.71,0,0.1085,76,67,0.701,1,2.0.0
20260126,7,MacroF1,0.8709,0.85,0,0.0629,32,324,0.395,2,1.1.0
20260126,8,AUC,0.6936,0.74,1,0.0804,236,41,0.491,4,1.0.0
20260127,1,MAPE,8.3999,12.00,0,0.0580,71,192,0.458,3,2.3.0
20260127,2,NDCG@5,0.8269,0.82,0,0.1034,586,42,0.219,3,3.1.0
20260127,3,QuoteAcceptRate,0.6507,0.62,0,0.0967,133,58,0.784,5,1.6.0
20260127,4,RMSEMins,12.2983,14.00,0,0.0664,112,49,0.485,5,1.4.0
20260127,5,AUC,0.8156,0.79,0,0.0246,46,160,0.415,4,1.2.0
20260127,6,Precision,0.7111,0.71,0,0.0480,51,69,0.309,2,2.0.0
20260127,7,MacroF1,0.8617,0.85,0,0.1059,21,363,0.650,3,1.1.0
20260127,8,AUC,0.7539,0.74,0,0.0324,158,52,0.664,5,1.0.0
20260128,1,MAPE,8.6125,12.00,0,0.0540,88,168,0.569,4,2.3.0
20260128,2,NDCG@5,0.8237,0.82,0,0.0358,724,48,0.300,4,3.1.0
20260128,3,QuoteAcceptRate,0.6745,0.62,0,0.0359,164,57,0.550,6,1.6.0
20260128,4,RMSEMins,12.8462,14.00,0,0.0724,139,40,0.514,6,1.4.0
20260128,5,AUC,0.8167,0.79,0,0.1083,57,175,0.348,5,1.2.0
20260128,6,Precision,0.7270,0.71,0,0.0966,63,83,0.452,3,2.0.0
20260128,7,MacroF1,0.8757,0.85,0,0.0772,26,354,0.364,4,1.1.0
20260128,8,AUC,0.7569,0.74,0,0.0983,195,45,0.685,6,1.0.0
20260129,1,MAPE,8.1925,12.00,0,0.0417,78,203,0.612,5,2.3.0
20260129,2,NDCG@5,0.8115,0.82,1,0.0643,644,50,0.449,5,3.1.0
20260129,3,QuoteAcceptRate,0.6740,0.62,0,0.0826,146,53,0.471,0,1.6.0
20260129,4,RMSEMins,12.6775,14.00,0,0.0959,123,49,0.382,0,1.4.0
20260129,5,AUC,0.8219,0.79,0,0.0404,50,157,0.807,6,1.2.0
20260129,6,Precision,0.7921,0.71,0,0.0529,56,89,0.385,4,2.0.0
20260129,7,MacroF1,0.8653,0.85,0,0.0707,24,330,0.583,5,1.1.0
20260129,8,AUC,0.7532,0.74,0,0.0638,174,54,0.753,0,1.0.0
20260130,1,MAPE,8.9264,12.00,0,0.0678,91,224,0.262,6,2.3.0
20260130,2,NDCG@5,0.8308,0.82,0,0.0950,748,52,0.592,6,3.1.0
20260130,3,QuoteAcceptRate,0.6620,0.62,0,0.0318,169,52,0.298,1,1.6.0
20260130,4,RMSEMins,12.3800,14.00,0,0.1005,143,33,0.498,1,1.4.0
20260130,5,AUC,0.7983,0.79,0,0.0610,58,151,0.351,0,1.2.0
20260130,6,Precision,0.7407,0.71,0,0.0472,65,62,0.816,5,2.0.0
20260130,7,MacroF1,0.8769,0.85,0,0.0311,27,389,0.461,6,1.1.0
20260130,8,AUC,0.7769,0.74,0,0.0539,202,43,0.427,1,1.0.0
20260131,1,MAPE,8.4415,12.00,0,0.0549,118,223,0.467,0,2.3.0
20260131,2,NDCG@5,0.8339,0.82,0,0.0412,966,46,0.478,0,3.1.0
20260131,3,QuoteAcceptRate,0.6491,0.62,0,0.0390,218,58,0.828,2,1.6.0
20260131,4,RMSEMins,12.5566,14.00,0,0.0503,185,37,0.636,2,1.4.0
20260131,5,AUC,0.7538,0.79,1,0.0307,76,175,0.540,1,1.2.0
20260131,6,Precision,0.7252,0.71,0,0.0385,84,78,0.524,6,2.0.0
20260131,7,MacroF1,0.8758,0.85,0,0.0528,35,311,0.262,0,1.1.0
20260131,8,AUC,0.7786,0.74,0,0.0525,260,54,0.243,2,1.0.0
20260201,1,MAPE,9.6467,12.00,0,0.0500,169,185,0.803,1,2.3.0
20260201,2,NDCG@5,0.8277,0.82,0,0.0956,1392,55,0.819,1,3.1.0
20260201,3,QuoteAcceptRate,0.6567,0.62,0,0.0479,315,65,0.285,3,1.6.0
20260201,4,RMSEMins,12.5797,14.00,0,0.0218,266,45,0.731,3,1.4.0
20260201,5,AUC,0.8386,0.79,0,0.0945,109,167,0.489,2,1.2.0
20260201,6,Precision,0.7823,0.71,0,0.1011,121,68,0.744,0,2.0.0
20260201,7,MacroF1,0.8728,0.85,0,0.0717,51,422,0.446,1,1.1.0
20260201,8,AUC,0.7361,0.74,1,0.0584,375,42,0.784,3,1.0.0
20260202,1,MAPE,8.4513,12.00,0,0.0663,120,203,0.235,2,2.3.0
20260202,2,NDCG@5,0.8272,0.82,0,0.0630,989,55,0.398,2,3.1.0
20260202,3,QuoteAcceptRate,0.6601,0.62,0,0.0954,224,72,0.369,4,1.6.0
20260202,4,RMSEMins,11.8452,14.00,0,0.1032,189,44,0.237,4,1.4.0
20260202,5,AUC,0.8194,0.79,0,0.0957,77,139,0.262,3,1.2.0
20260202,6,Precision,0.7224,0.71,0,0.1093,86,59,0.305,1,2.0.0
20260202,7,MacroF1,0.8667,0.85,0,0.0434,36,345,0.596,2,1.1.0
20260202,8,AUC,0.7651,0.74,0,0.0479,267,37,0.528,4,1.0.0
20260203,1,MAPE,8.6409,12.00,0,0.0694,122,169,0.556,3,2.3.0
20260203,2,NDCG@5,0.8168,0.82,1,0.0289,1000,45,0.728,3,3.1.0
20260203,3,QuoteAcceptRate,0.6556,0.62,0,0.0894,226,55,0.725,5,1.6.0
20260203,4,RMSEMins,12.3660,14.00,0,0.0627,191,36,0.755,5,1.4.0
20260203,5,AUC,0.8096,0.79,0,0.0951,78,141,0.281,4,1.2.0
20260203,6,Precision,0.7471,0.71,0,0.0809,87,70,0.757,2,2.0.0
20260203,7,MacroF1,0.9062,0.85,0,0.0903,37,339,0.320,3,1.1.0
20260203,8,AUC,0.7652,0.74,0,0.0723,270,39,0.651,5,1.0.0
20260204,1,MAPE,8.7625,12.00,0,0.0619,123,222,0.734,4,2.3.0
20260204,2,NDCG@5,0.8238,0.82,0,0.0446,1012,61,0.295,4,3.1.0
20260204,3,QuoteAcceptRate,0.6468,0.62,0,0.0879,229,55,0.738,6,1.6.0
20260204,4,RMSEMins,13.5755,14.00,0,0.0477,194,34,0.455,6,1.4.0
20260204,5,AUC,0.7855,0.79,1,0.1069,79,149,0.774,5,1.2.0
20260204,6,Precision,0.7663,0.71,0,0.0338,88,62,0.259,3,2.0.0
20260204,7,MacroF1,0.8789,0.85,0,0.1063,37,273,0.292,4,1.1.0
20260204,8,AUC,0.7819,0.74,0,0.1089,273,41,0.468,6,1.0.0
20260205,1,MAPE,9.0197,12.00,0,0.0396,109,279,0.849,5,2.3.0
20260205,2,NDCG@5,0.8323,0.82,0,0.0559,897,50,0.234,5,3.1.0
20260205,3,QuoteAcceptRate,0.6922,0.62,0,0.0717,203,63,0.479,0,1.6.0
20260205,4,RMSEMins,12.9183,14.00,0,0.1044,172,40,0.598,0,1.4.0
20260205,5,AUC,0.8299,0.79,0,0.0528,70,151,0.539,6,1.2.0
20260205,6,Precision,0.7631,0.71,0,0.0854,78,73,0.303,4,2.0.0
20260205,7,MacroF1,0.8652,0.85,0,0.0237,33,317,0.331,5,1.1.0
20260205,8,AUC,0.7597,0.74,0,0.0418,242,46,0.591,0,1.0.0
20260206,1,MAPE,9.6841,12.00,0,0.0502,115,180,0.405,6,2.3.0
20260206,2,NDCG@5,0.8218,0.82,0,0.1035,943,46,0.747,6,3.1.0
20260206,3,QuoteAcceptRate,0.6673,0.62,0,0.0961,213,72,0.821,1,1.6.0
20260206,4,RMSEMins,12.2798,14.00,0,0.0820,180,32,0.527,1,1.4.0
20260206,5,AUC,0.8067,0.79,0,0.1091,74,164,0.314,0,1.2.0
20260206,6,Precision,0.7580,0.71,0,0.0495,82,80,0.292,5,2.0.0
20260206,7,MacroF1,0.8824,0.85,0,0.0323,34,378,0.554,6,1.1.0
20260206,8,AUC,0.7448,0.74,0,0.0346,254,62,0.607,1,1.0.0
20260207,1,MAPE,9.4913,12.00,0,0.0379,165,196,0.358,0,2.3.0
20260207,2,NDCG@5,0.8137,0.82,1,0.0435,1357,49,0.232,0,3.1.0
20260207,3,QuoteAcceptRate,0.6744,0.62,0,0.0718,307,46,0.265,2,1.6.0
20260207,4,RMSEMins,13.0390,14.00,0,0.0497,260,48,0.214,2,1.4.0
20260207,5,AUC,0.8110,0.79,0,0.0969,106,164,0.554,1,1.2.0
20260207,6,Precision,0.7320,0.71,0,0.0454,118,74,0.379,6,2.0.0
20260207,7,MacroF1,0.8677,0.85,0,0.0652,50,402,0.514,0,1.1.0
20260207,8,AUC,0.7814,0.74,0,0.1095,366,43,0.435,2,1.0.0
20260208,1,MAPE,9.2235,12.00,0,0.0453,181,252,0.650,1,2.3.0
20260208,2,NDCG@5,0.8296,0.82,0,0.0294,1484,39,0.678,1,3.1.0
20260208,3,QuoteAcceptRate,0.6493,0.62,0,0.0744,335,63,0.411,3,1.6.0
20260208,4,RMSEMins,12.0461,14.00,0,0.0906,284,37,0.569,3,1.4.0
20260208,5,AUC,0.8290,0.79,0,0.1098,116,169,0.350,2,1.2.0
20260208,6,Precision,0.7162,0.71,0,0.0917,129,69,0.617,0,2.0.0
20260208,7,MacroF1,0.8647,0.85,0,0.0781,54,291,0.822,1,1.1.0
20260208,8,AUC,0.7832,0.74,0,0.0977,400,47,0.302,3,1.0.0
20260209,1,MAPE,8.7869,12.00,0,0.0611,99,181,0.288,2,2.3.0
20260209,2,NDCG@5,0.8344,0.82,0,0.0845,816,56,0.536,2,3.1.0
20260209,3,QuoteAcceptRate,0.6170,0.62,1,0.0974,185,67,0.217,4,1.6.0
20260209,4,RMSEMins,12.6888,14.00,0,0.0405,156,37,0.774,4,1.4.0
20260209,5,AUC,0.8237,0.79,0,0.0242,64,197,0.660,3,1.2.0
20260209,6,Precision,0.7690,0.71,0,0.0433,71,59,0.226,1,2.0.0
20260209,7,MacroF1,0.8741,0.85,0,0.1043,30,369,0.237,2,1.1.0
20260209,8,AUC,0.7891,0.74,0,0.0493,220,50,0.739,4,1.0.0
20260210,1,MAPE,8.2077,12.00,0,0.0399,127,176,0.666,3,2.3.0
20260210,2,NDCG@5,0.8343,0.82,0,0.0846,1046,62,0.635,3,3.1.0
20260210,3,QuoteAcceptRate,0.6429,0.62,0,0.0449,237,61,0.397,5,1.6.0
20260210,4,RMSEMins,12.7979,14.00,0,0.0423,200,41,0.515,5,1.4.0
20260210,5,AUC,0.8318,0.79,0,0.0534,82,137,0.651,4,1.2.0
20260210,6,Precision,0.7428,0.71,0,0.0528,91,73,0.225,2,2.0.0
20260210,7,MacroF1,0.8741,0.85,0,0.0610,38,388,0.521,3,1.1.0
20260210,8,AUC,0.7708,0.74,0,0.0828,282,45,0.243,5,1.0.0
20260211,1,MAPE,8.9071,12.00,0,0.0509,122,235,0.730,4,2.3.0
20260211,2,NDCG@5,0.8069,0.82,1,0.0243,1000,44,0.394,4,3.1.0
20260211,3,QuoteAcceptRate,0.6256,0.62,0,0.0818,226,66,0.298,6,1.6.0
20260211,4,RMSEMins,12.1817,14.00,0,0.0533,191,28,0.396,6,1.4.0
20260211,5,AUC,0.8166,0.79,0,0.0999,78,171,0.626,5,1.2.0
20260211,6,Precision,0.7306,0.71,0,0.0649,87,65,0.630,3,2.0.0
20260211,7,MacroF1,0.8666,0.85,0,0.0596,37,312,0.259,4,1.1.0
20260211,8,AUC,0.7589,0.74,0,0.0250,270,53,0.697,6,1.0.0
20260212,1,MAPE,8.9948,12.00,0,0.0726,120,161,0.739,5,2.3.0
20260212,2,NDCG@5,0.8274,0.82,0,0.0214,989,51,0.250,5,3.1.0
20260212,3,QuoteAcceptRate,0.6405,0.62,0,0.0431,224,67,0.694,0,1.6.0
20260212,4,RMSEMins,12.9315,14.00,0,0.0425,189,39,0.710,0,1.4.0
20260212,5,AUC,0.8101,0.79,0,0.0428,77,157,0.253,6,1.2.0
20260212,6,Precision,0.7783,0.71,0,0.0485,86,75,0.486,4,2.0.0
20260212,7,MacroF1,0.8878,0.85,0,0.0224,36,403,0.558,5,1.1.0
20260212,8,AUC,0.7851,0.74,0,0.0338,267,41,0.217,0,1.0.0
20260213,1,MAPE,8.5587,12.00,0,0.0749,122,176,0.528,6,2.3.0
20260213,2,NDCG@5,0.8065,0.82,1,0.0334,1000,47,0.631,6,3.1.0
20260213,3,QuoteAcceptRate,0.6846,0.62,0,0.0794,226,52,0.466,1,1.6.0
20260213,4,RMSEMins,12.7743,14.00,0,0.0219,191,40,0.442,1,1.4.0
20260213,5,AUC,0.8033,0.79,0,0.0631,78,172,0.272,0,1.2.0
20260213,6,Precision,0.7858,0.71,0,0.0390,87,57,0.559,5,2.0.0
20260213,7,MacroF1,0.8794,0.85,0,0.0363,37,360,0.564,6,1.1.0
20260213,8,AUC,0.7456,0.74,0,0.0712,270,44,0.312,1,1.0.0
20260214,1,MAPE,8.4476,12.00,0,0.0594,158,218,0.545,0,2.3.0
20260214,2,NDCG@5,0.8159,0.82,1,0.0653,1300,44,0.617,0,3.1.0
20260214,3,QuoteAcceptRate,0.6404,0.62,0,0.0365,294,65,0.558,2,1.6.0
20260214,4,RMSEMins,12.8287,14.00,0,0.0653,249,45,0.697,2,1.4.0
20260214,5,AUC,0.8133,0.79,0,0.0248,102,129,0.512,1,1.2.0
20260214,6,Precision,0.7498,0.71,0,0.0947,113,73,0.817,6,2.0.0
20260214,7,MacroF1,0.8679,0.85,0,0.0838,47,264,0.351,0,1.1.0
20260214,8,AUC,0.7721,0.74,0,0.0614,350,48,0.771,2,1.0.0
20260215,1,MAPE,9.3060,12.00,0,0.0703,155,269,0.479,1,2.3.0
20260215,2,NDCG@5,0.8238,0.82,0,0.1035,1276,45,0.609,1,3.1.0
20260215,3,QuoteAcceptRate,0.6712,0.62,0,0.0289,289,52,0.367,3,1.6.0
20260215,4,RMSEMins,12.1115,14.00,0,0.0857,244,36,0.446,3,1.4.0
20260215,5,AUC,0.8424,0.79,0,0.0507,100,102,0.747,2,1.2.0
20260215,6,Precision,0.7404,0.71,0,0.1084,111,62,0.833,0,2.0.0
20260215,7,MacroF1,0.8530,0.85,0,0.0500,47,323,0.277,1,1.1.0
20260215,8,AUC,0.7655,0.74,0,0.0416,344,46,0.424,3,1.0.0
20260216,1,MAPE,8.8864,12.00,0,0.0554,132,248,0.533,2,2.3.0
20260216,2,NDCG@5,0.8052,0.82,1,0.0274,1081,60,0.676,2,3.1.0
20260216,3,QuoteAcceptRate,0.6702,0.62,0,0.0521,244,69,0.481,4,1.6.0
20260216,4,RMSEMins,13.1938,14.00,0,0.0988,207,37,0.406,4,1.4.0
20260216,5,AUC,0.8015,0.79,0,0.0604,85,142,0.599,3,1.2.0
20260216,6,Precision,0.7228,0.71,0,0.0506,94,73,0.838,1,2.0.0
20260216,7,MacroF1,0.8813,0.85,0,0.0942,39,371,0.294,2,1.1.0
20260216,8,AUC,0.7571,0.74,0,0.0232,291,30,0.688,4,1.0.0
20260217,1,MAPE,8.1741,12.00,0,0.0576,109,178,0.449,3,2.3.0
20260217,2,NDCG@5,0.8178,0.82,1,0.0640,897,48,0.316,3,3.1.0
20260217,3,QuoteAcceptRate,0.6699,0.62,0,0.1039,203,63,0.369,5,1.6.0
20260217,4,RMSEMins,12.4001,14.00,0,0.0299,172,35,0.438,5,1.4.0
20260217,5,AUC,0.8374,0.79,0,0.0620,70,157,0.458,4,1.2.0
20260217,6,Precision,0.7599,0.71,0,0.0741,78,68,0.761,2,2.0.0
20260217,7,MacroF1,0.8830,0.85,0,0.0814,33,318,0.826,3,1.1.0
20260217,8,AUC,0.7689,0.74,0,0.1050,242,31,0.535,5,1.0.0
20260218,1,MAPE,9.5675,12.00,0,0.0583,118,232,0.749,4,2.3.0
20260218,2,NDCG@5,0.8338,0.82,0,0.0297,966,43,0.590,4,3.1.0
20260218,3,QuoteAcceptRate,0.6137,0.62,1,0.1058,218,62,0.243,6,1.6.0
20260218,4,RMSEMins,13.5745,14.00,0,0.0795,185,39,0.650,6,1.4.0
20260218,5,AUC,0.8053,0.79,0,0.0724,76,135,0.510,5,1.2.0
20260218,6,Precision,0.7265,0.71,0,0.0528,84,74,0.387,3,2.0.0
20260218,7,MacroF1,0.8765,0.85,0,0.0450,35,258,0.820,4,1.1.0
20260218,8,AUC,0.7635,0.74,0,0.0247,260,39,0.734,6,1.0.0
20260219,1,MAPE,8.5801,12.00,0,0.0416,122,182,0.397,5,2.3.0
20260219,2,NDCG@5,0.8454,0.82,0,0.0845,1000,63,0.475,5,3.1.0
20260219,3,QuoteAcceptRate,0.6314,0.62,0,0.0833,226,69,0.536,0,1.6.0
20260219,4,RMSEMins,12.8051,14.00,0,0.0421,191,34,0.308,0,1.4.0
20260219,5,AUC,0.8182,0.79,0,0.1089,78,150,0.627,6,1.2.0
20260219,6,Precision,0.7783,0.71,0,0.0939,87,82,0.441,4,2.0.0
20260219,7,MacroF1,0.8864,0.85,0,0.1086,37,348,0.372,5,1.1.0
20260219,8,AUC,0.7695,0.74,0,0.0251,270,45,0.381,0,1.0.0
20260220,1,MAPE,8.7377,12.00,0,0.0579,119,172,0.520,6,2.3.0
20260220,2,NDCG@5,0.8303,0.82,0,0.0428,978,41,0.459,6,3.1.0
20260220,3,QuoteAcceptRate,0.6591,0.62,0,0.0801,221,55,0.504,1,1.6.0
20260220,4,RMSEMins,12.1615,14.00,0,0.1020,187,33,0.244,1,1.4.0
20260220,5,AUC,0.8113,0.79,0,0.0526,76,163,0.203,0,1.2.0
20260220,6,Precision,0.7078,0.71,1,0.0268,85,69,0.260,5,2.0.0
20260220,7,MacroF1,0.8917,0.85,0,0.1007,36,317,0.532,6,1.1.0
20260220,8,AUC,0.7676,0.74,0,0.1073,264,51,0.567,1,1.0.0
20260221,1,MAPE,9.1977,12.00,0,0.0604,175,153,0.744,0,2.3.0
20260221,2,NDCG@5,0.8264,0.82,0,0.0692,1438,54,0.562,0,3.1.0
20260221,3,QuoteAcceptRate,0.6626,0.62,0,0.0765,325,65,0.625,2,1.6.0
20260221,4,RMSEMins,12.4686,14.00,0,0.0517,275,41,0.390,2,1.4.0
20260221,5,AUC,0.8271,0.79,0,0.1063,112,157,0.441,1,1.2.0
20260221,6,Precision,0.7769,0.71,0,0.0972,125,73,0.439,6,2.0.0
20260221,7,MacroF1,0.8844,0.85,0,0.1005,52,262,0.425,0,1.1.0
20260221,8,AUC,0.7798,0.74,0,0.0279,388,49,0.400,2,1.0.0
20260222,1,MAPE,8.9915,12.00,0,0.0493,160,218,0.254,1,2.3.0
20260222,2,NDCG@5,0.8274,0.82,0,0.0988,1311,59,0.818,1,3.1.0
20260222,3,QuoteAcceptRate,0.6472,0.62,0,0.0775,296,61,0.791,3,1.6.0
20260222,4,RMSEMins,13.4258,14.00,0,0.1017,251,33,0.482,3,1.4.0
20260222,5,AUC,0.8094,0.79,0,0.0212,103,162,0.573,2,1.2.0
20260222,6,Precision,0.7350,0.71,0,0.0949,114,61,0.474,0,2.0.0
20260222,7,MacroF1,0.8859,0.85,0,0.0224,48,334,0.802,1,1.1.0
20260222,8,AUC,0.7431,0.74,0,0.0793,353,47,0.208,3,1.0.0
20260223,1,MAPE,7.8971,12.00,0,0.0355,125,244,0.583,2,2.3.0
20260223,2,NDCG@5,0.8076,0.82,1,0.0286,1024,71,0.276,2,3.1.0
20260223,3,QuoteAcceptRate,0.6599,0.62,0,0.0258,231,55,0.522,4,1.6.0
20260223,4,RMSEMins,12.0828,14.00,0,0.0404,196,43,0.771,4,1.4.0
20260223,5,AUC,0.8321,0.79,0,0.0570,80,144,0.343,3,1.2.0
20260223,6,Precision,0.7761,0.71,0,0.0438,89,62,0.841,1,2.0.0
20260223,7,MacroF1,0.8682,0.85,0,0.0961,37,388,0.743,2,1.1.0
20260223,8,AUC,0.7613,0.74,0,0.0341,276,36,0.405,4,1.0.0
20260224,1,MAPE,9.2916,12.00,0,0.0407,102,184,0.293,3,2.3.0
20260224,2,NDCG@5,0.8080,0.82,1,0.0569,840,57,0.729,3,3.1.0
20260224,3,QuoteAcceptRate,0.6829,0.62,0,0.0264,190,61,0.221,5,1.6.0
20260224,4,RMSEMins,12.1290,14.00,0,0.1018,161,44,0.276,5,1.4.0
20260224,5,AUC,0.8010,0.79,0,0.0274,66,151,0.440,4,1.2.0
20260224,6,Precision,0.6996,0.71,1,0.0207,73,68,0.310,2,2.0.0
20260224,7,MacroF1,0.8791,0.85,0,0.0738,31,252,0.848,3,1.1.0
20260224,8,AUC,0.7668,0.74,0,0.0948,226,44,0.371,5,1.0.0
20260225,1,MAPE,8.1758,12.00,0,0.0739,112,233,0.485,4,2.3.0
20260225,2,NDCG@5,0.8318,0.82,0,0.0319,920,43,0.768,4,3.1.0
20260225,3,QuoteAcceptRate,0.6891,0.62,0,0.0956,208,62,0.462,6,1.6.0
20260225,4,RMSEMins,13.8693,14.00,0,0.0513,176,34,0.619,6,1.4.0
20260225,5,AUC,0.8299,0.79,0,0.1051,72,189,0.559,5,1.2.0
20260225,6,Precision,0.7464,0.71,0,0.0407,80,96,0.827,3,2.0.0
20260225,7,MacroF1,0.9026,0.85,0,0.0358,34,335,0.307,4,1.1.0
20260225,8,AUC,0.7500,0.74,0,0.0557,248,46,0.353,6,1.0.0
20260226,1,MAPE,8.9311,12.00,0,0.0698,95,160,0.378,5,2.3.0
20260226,2,NDCG@5,0.8267,0.82,0,0.0765,782,42,0.652,5,3.1.0
20260226,3,QuoteAcceptRate,0.6564,0.62,0,0.0333,177,53,0.785,0,1.6.0
20260226,4,RMSEMins,13.9750,14.00,0,0.0664,150,48,0.494,0,1.4.0
20260226,5,AUC,0.8179,0.79,0,0.0422,61,147,0.355,6,1.2.0
20260226,6,Precision,0.7797,0.71,0,0.0604,68,63,0.420,4,2.0.0
20260226,7,MacroF1,0.8732,0.85,0,0.0485,29,323,0.225,5,1.1.0
20260226,8,AUC,0.7686,0.74,0,0.0870,211,48,0.602,0,1.0.0
20260227,1,MAPE,9.2673,12.00,0,0.0546,84,170,0.816,6,2.3.0
20260227,2,NDCG@5,0.8332,0.82,0,0.0421,690,54,0.233,6,3.1.0
20260227,3,QuoteAcceptRate,0.6787,0.62,0,0.1032,156,59,0.734,1,1.6.0
20260227,4,RMSEMins,11.7996,14.00,0,0.0480,132,51,0.774,1,1.4.0
20260227,5,AUC,0.8225,0.79,0,0.0360,54,153,0.405,0,1.2.0
20260227,6,Precision,0.7191,0.71,0,0.0505,60,72,0.379,5,2.0.0
20260227,7,MacroF1,0.8912,0.85,0,0.0406,25,279,0.712,6,1.1.0
20260227,8,AUC,0.7710,0.74,0,0.0510,186,35,0.323,1,1.0.0
20260228,1,MAPE,8.5215,12.00,0,0.0379,122,201,0.655,0,2.3.0
20260228,2,NDCG@5,0.8098,0.82,1,0.0842,1000,39,0.821,0,3.1.0
20260228,3,QuoteAcceptRate,0.6584,0.62,0,0.0949,226,68,0.477,2,1.6.0
20260228,4,RMSEMins,12.1105,14.00,0,0.0441,191,41,0.645,2,1.4.0
20260228,5,AUC,0.8251,0.79,0,0.0834,78,134,0.801,1,1.2.0
20260228,6,Precision,0.7394,0.71,0,0.0652,87,60,0.439,6,2.0.0
20260228,7,MacroF1,0.8779,0.85,0,0.0628,37,358,0.216,0,1.1.0
20260228,8,AUC,0.7833,0.74,0,0.0916,270,37,0.756,2,1.0.0
20260301,1,MAPE,8.2697,12.00,0,0.0545,238,211,0.410,1,2.3.0
20260301,2,NDCG@5,0.8132,0.82,1,0.1049,1955,43,0.466,1,3.1.0
20260301,3,QuoteAcceptRate,0.6879,0.62,0,0.0378,442,65,0.784,3,1.6.0
20260301,4,RMSEMins,11.7441,14.00,0,0.0636,374,39,0.612,3,1.4.0
20260301,5,AUC,0.8226,0.79,0,0.0878,153,188,0.805,2,1.2.0
20260301,6,Precision,0.7460,0.71,0,0.0478,170,59,0.685,0,2.0.0
20260301,7,MacroF1,0.8761,0.85,0,0.0752,71,295,0.528,1,1.1.0
20260301,8,AUC,0.7768,0.74,0,0.0538,527,41,0.444,3,1.0.0
20260302,1,MAPE,9.6312,12.00,0,0.0420,172,227,0.554,2,2.3.0
20260302,2,NDCG@5,0.8058,0.82,1,0.0604,1414,46,0.326,2,3.1.0
20260302,3,QuoteAcceptRate,0.6427,0.62,0,0.0793,320,53,0.372,4,1.6.0
20260302,4,RMSEMins,13.5848,14.00,0,0.0268,271,37,0.349,4,1.4.0
20260302,5,AUC,0.8289,0.79,0,0.0934,111,174,0.810,3,1.2.0
20260302,6,Precision,0.7523,0.71,0,0.1014,123,65,0.802,1,2.0.0
20260302,7,MacroF1,0.8724,0.85,0,0.0843,52,373,0.459,2,1.1.0
20260302,8,AUC,0.7983,0.74,0,0.1099,381,35,0.792,4,1.0.0
20260303,1,MAPE,8.3193,12.00,0,0.0624,155,223,0.849,3,2.3.0
20260303,2,NDCG@5,0.8210,0.82,0,0.0348,1276,46,0.701,3,3.1.0
20260303,3,QuoteAcceptRate,0.6682,0.62,0,0.0475,289,65,0.622,5,1.6.0
20260303,4,RMSEMins,11.6583,14.00,0,0.0638,244,48,0.766,5,1.4.0
20260303,5,AUC,0.8227,0.79,0,0.0969,100,185,0.732,4,1.2.0
20260303,6,Precision,0.7312,0.71,0,0.0244,111,79,0.513,2,2.0.0
20260303,7,MacroF1,0.8825,0.85,0,0.0420,47,356,0.757,3,1.1.0
20260303,8,AUC,0.7875,0.74,0,0.0267,344,49,0.369,5,1.0.0
20260304,1,MAPE,9.5699,12.00,0,0.0452,188,226,0.488,4,2.3.0
20260304,2,NDCG@5,0.8262,0.82,0,0.0546,1541,43,0.644,4,3.1.0
20260304,3,QuoteAcceptRate,0.6852,0.62,0,0.0603,348,57,0.444,6,1.6.0
20260304,4,RMSEMins,12.2265,14.00,0,0.0215,295,43,0.412,6,1.4.0
20260304,5,AUC,0.8217,0.79,0,0.0528,121,140,0.660,5,1.2.0
20260304,6,Precision,0.7844,0.71,0,0.0394,134,73,0.687,3,2.0.0
20260304,7,MacroF1,0.8750,0.85,0,0.0573,56,271,0.565,4,1.1.0
20260304,8,AUC,0.7744,0.74,0,0.0277,415,43,0.258,6,1.0.0
20260305,1,MAPE,9.1777,12.00,0,0.0533,154,180,0.625,5,2.3.0
20260305,2,NDCG@5,0.8289,0.82,0,0.0216,1265,49,0.744,5,3.1.0
20260305,3,QuoteAcceptRate,0.6659,0.62,0,0.0910,286,60,0.284,0,1.6.0
20260305,4,RMSEMins,12.9369,14.00,0,0.0399,242,36,0.468,0,1.4.0
20260305,5,AUC,0.8076,0.79,0,0.0777,99,147,0.614,6,1.2.0
20260305,6,Precision,0.7500,0.71,0,0.0515,110,64,0.760,4,2.0.0
20260305,7,MacroF1,0.8859,0.85,0,0.1077,46,421,0.833,5,1.1.0
20260305,8,AUC,0.7617,0.74,0,0.0370,341,37,0.537,0,1.0.0
20260306,1,MAPE,9.3490,12.00,0,0.0461,162,193,0.724,6,2.3.0
20260306,2,NDCG@5,0.8250,0.82,0,0.1013,1334,41,0.510,6,3.1.0
20260306,3,QuoteAcceptRate,0.6917,0.62,0,0.0239,302,53,0.221,1,1.6.0
20260306,4,RMSEMins,13.3312,14.00,0,0.0341,255,34,0.798,1,1.4.0
20260306,5,AUC,0.8269,0.79,0,0.0718,104,146,0.232,0,1.2.0
20260306,6,Precision,0.7651,0.71,0,0.1022,116,71,0.368,5,2.0.0
20260306,7,MacroF1,0.8746,0.85,0,0.0606,49,352,0.596,6,1.1.0
20260306,8,AUC,0.7361,0.74,1,0.0264,360,47,0.680,1,1.0.0
20260307,1,MAPE,8.7256,12.00,0,0.0380,221,164,0.596,0,2.3.0
20260307,2,NDCG@5,0.8199,0.82,1,0.0590,1817,46,0.246,0,3.1.0
20260307,3,QuoteAcceptRate,0.6448,0.62,0,0.0868,411,52,0.538,2,1.6.0
20260307,4,RMSEMins,13.0907,14.00,0,0.1078,348,35,0.377,2,1.4.0
20260307,5,AUC,0.8403,0.79,0,0.0364,142,174,0.213,1,1.2.0
20260307,6,Precision,0.7337,0.71,0,0.0997,158,84,0.396,6,2.0.0
20260307,7,MacroF1,0.8557,0.85,0,0.0584,66,341,0.254,0,1.1.0
20260307,8,AUC,0.7550,0.74,0,0.0998,490,38,0.767,2,1.0.0
20260308,1,MAPE,8.9865,12.00,0,0.0474,214,195,0.277,1,2.3.0
20260308,2,NDCG@5,0.8069,0.82,1,0.0895,1760,50,0.490,1,3.1.0
20260308,3,QuoteAcceptRate,0.6694,0.62,0,0.0306,398,56,0.515,3,1.6.0
20260308,4,RMSEMins,13.4762,14.00,0,0.0337,337,31,0.269,3,1.4.0
20260308,5,AUC,0.8189,0.79,0,0.0324,138,131,0.609,2,1.2.0
20260308,6,Precision,0.7719,0.71,0,0.0627,153,83,0.408,0,2.0.0
20260308,7,MacroF1,0.8757,0.85,0,0.0442,64,271,0.510,1,1.1.0
20260308,8,AUC,0.7802,0.74,0,0.0356,474,42,0.807,3,1.0.0
20260309,1,MAPE,9.0391,12.00,0,0.0403,140,166,0.427,2,2.3.0
20260309,2,NDCG@5,0.8135,0.82,1,0.0635,1150,46,0.682,2,3.1.0
20260309,3,QuoteAcceptRate,0.6591,0.62,0,0.0277,260,71,0.574,4,1.6.0
20260309,4,RMSEMins,13.5707,14.00,0,0.0819,220,36,0.622,4,1.4.0
20260309,5,AUC,0.8153,0.79,0,0.0988,90,151,0.251,3,1.2.0
20260309,6,Precision,0.7549,0.71,0,0.0596,100,71,0.476,1,2.0.0
20260309,7,MacroF1,0.8856,0.85,0,0.0431,42,408,0.836,2,1.1.0
20260309,8,AUC,0.7753,0.74,0,0.0775,310,44,0.797,4,1.0.0
20260310,1,MAPE,8.9652,12.00,0,0.0437,153,208,0.401,3,2.3.0
20260310,2,NDCG@5,0.8300,0.82,0,0.0299,1254,51,0.578,3,3.1.0
20260310,3,QuoteAcceptRate,0.6713,0.62,0,0.0285,283,50,0.789,5,1.6.0
20260310,4,RMSEMins,12.1384,14.00,0,0.0598,240,42,0.628,5,1.4.0
20260310,5,AUC,0.7975,0.79,0,0.0895,98,152,0.634,4,1.2.0
20260310,6,Precision,0.7460,0.71,0,0.1091,109,78,0.556,2,2.0.0
20260310,7,MacroF1,0.8831,0.85,0,0.0253,46,294,0.261,3,1.1.0
20260310,8,AUC,0.7835,0.74,0,0.0296,338,41,0.342,5,1.0.0
20260311,1,MAPE,8.2809,12.00,0,0.0409,158,166,0.717,4,2.3.0
20260311,2,NDCG@5,0.8056,0.82,1,0.0643,1300,36,0.203,4,3.1.0
20260311,3,QuoteAcceptRate,0.6550,0.62,0,0.0575,294,80,0.407,6,1.6.0
20260311,4,RMSEMins,12.1673,14.00,0,0.1065,249,32,0.708,6,1.4.0
20260311,5,AUC,0.8156,0.79,0,0.0551,102,178,0.773,5,1.2.0
20260311,6,Precision,0.7515,0.71,0,0.0938,113,76,0.436,3,2.0.0
20260311,7,MacroF1,0.8783,0.85,0,0.1052,47,337,0.335,4,1.1.0
20260311,8,AUC,0.7484,0.74,0,0.0902,350,42,0.533,6,1.0.0
20260312,1,MAPE,7.8778,12.00,0,0.0395,158,180,0.834,5,2.3.0
20260312,2,NDCG@5,0.8197,0.82,1,0.0300,1300,36,0.577,5,3.1.0
20260312,3,QuoteAcceptRate,0.6576,0.62,0,0.0275,294,63,0.502,0,1.6.0
20260312,4,RMSEMins,12.3502,14.00,0,0.0368,249,43,0.664,0,1.4.0
20260312,5,AUC,0.8223,0.79,0,0.0584,102,148,0.729,6,1.2.0
20260312,6,Precision,0.7428,0.71,0,0.0395,113,72,0.822,4,2.0.0
20260312,7,MacroF1,0.8607,0.85,0,0.0508,47,286,0.368,5,1.1.0
20260312,8,AUC,0.7656,0.74,0,0.0994,350,46,0.459,0,1.0.0
20260313,1,MAPE,9.2166,12.00,0,0.0402,154,235,0.656,6,2.3.0
20260313,2,NDCG@5,0.7451,0.82,1,0.1027,1265,37,0.574,6,3.1.0
20260313,3,QuoteAcceptRate,0.6942,0.62,0,0.0722,286,76,0.539,1,1.6.0
20260313,4,RMSEMins,13.1170,14.00,0,0.0975,242,36,0.597,1,1.4.0
20260313,5,AUC,0.8160,0.79,0,0.0659,99,141,0.269,0,1.2.0
20260313,6,Precision,0.7445,0.71,0,0.0778,110,65,0.202,5,2.0.0
20260313,7,MacroF1,0.8676,0.85,0,0.0625,46,343,0.390,6,1.1.0
20260313,8,AUC,0.7533,0.74,0,0.0401,341,41,0.354,1,1.0.0
20260314,1,MAPE,8.7705,12.00,0,0.0482,216,232,0.439,0,2.3.0
20260314,2,NDCG@5,0.8294,0.82,0,0.0996,1771,44,0.608,0,3.1.0
20260314,3,QuoteAcceptRate,0.6775,0.62,0,0.0391,400,80,0.386,2,1.6.0
20260314,4,RMSEMins,11.7434,14.00,0,0.0677,339,41,0.405,2,1.4.0
20260314,5,AUC,0.8301,0.79,0,0.0675,139,172,0.524,1,1.2.0
20260314,6,Precision,0.7533,0.71,0,0.0367,154,65,0.596,6,2.0.0
20260314,7,MacroF1,0.8713,0.85,0,0.0859,65,326,0.416,0,1.1.0
20260314,8,AUC,0.7665,0.74,0,0.0920,477,44,0.417,2,1.0.0
20260315,1,MAPE,9.1889,12.00,0,0.0427,253,221,0.204,0,2.3.0
20260315,2,NDCG@5,0.8170,0.82,1,0.1036,2082,55,0.753,1,3.1.0
20260315,3,QuoteAcceptRate,0.6783,0.62,0,0.0375,471,61,0.646,3,1.6.0
20260315,4,RMSEMins,12.9373,14.00,0,0.0350,398,43,0.300,3,1.4.0
20260315,5,AUC,0.8101,0.79,0,0.0322,163,136,0.832,2,1.2.0
20260315,6,Precision,0.7456,0.71,0,0.0398,181,72,0.815,0,2.0.0
20260315,7,MacroF1,0.8949,0.85,0,0.0385,76,359,0.534,1,1.1.0
20260315,8,AUC,0.7581,0.74,0,0.0546,561,38,0.807,3,1.0.0
20260316,1,MAPE,9.2816,12.00,0,0.0505,167,196,0.626,1,2.3.0
20260316,2,NDCG@5,0.8031,0.82,1,0.0286,1368,52,0.680,2,3.1.0
20260316,3,QuoteAcceptRate,0.6922,0.62,0,0.0712,309,79,0.690,4,1.6.0
20260316,4,RMSEMins,12.7526,14.00,0,0.0953,262,40,0.527,4,1.4.0
20260316,5,AUC,0.8328,0.79,0,0.0574,107,181,0.373,3,1.2.0
20260316,6,Precision,0.7415,0.71,0,0.0317,119,96,0.795,1,2.0.0
20260316,7,MacroF1,0.8625,0.85,0,0.0711,50,395,0.413,2,1.1.0
20260316,8,AUC,0.7569,0.74,0,0.0294,369,54,0.482,4,1.0.0
20260317,1,MAPE,8.7597,12.00,0,0.0461,161,219,0.776,2,2.3.0
20260317,2,NDCG@5,0.8344,0.82,0,0.0853,1322,53,0.780,3,3.1.0
20260317,3,QuoteAcceptRate,0.6601,0.62,0,0.0751,299,52,0.748,5,1.6.0
20260317,4,RMSEMins,13.3621,14.00,0,0.0866,253,35,0.236,5,1.4.0
20260317,5,AUC,0.8295,0.79,0,0.0394,104,194,0.443,4,1.2.0
20260317,6,Precision,0.7495,0.71,0,0.0685,115,59,0.685,2,2.0.0
20260317,7,MacroF1,0.8776,0.85,0,0.1064,48,361,0.201,3,1.1.0
20260317,8,AUC,0.7799,0.74,0,0.0362,356,52,0.317,5,1.0.0
20260318,1,MAPE,8.9177,12.00,0,0.0727,181,208,0.556,3,2.3.0
20260318,2,NDCG@5,0.8200,0.82,0,0.0545,1484,58,0.686,4,3.1.0
20260318,3,QuoteAcceptRate,0.6959,0.62,0,0.0228,335,55,0.739,6,1.6.0
20260318,4,RMSEMins,11.7707,14.00,0,0.0760,284,35,0.380,6,1.4.0
20260318,5,AUC,0.8278,0.79,0,0.0671,116,152,0.421,5,1.2.0
20260318,6,Precision,0.7263,0.71,0,0.0769,129,61,0.779,3,2.0.0
20260318,7,MacroF1,0.8864,0.85,0,0.0901,54,398,0.710,4,1.1.0
20260318,8,AUC,0.7739,0.74,0,0.0737,400,32,0.306,6,1.0.0
20260319,1,MAPE,8.2703,12.00,0,0.0636,171,220,0.429,4,2.3.0
20260319,2,NDCG@5,0.8351,0.82,0,0.0885,1403,51,0.559,5,3.1.0
20260319,3,QuoteAcceptRate,0.6993,0.62,0,0.0281,317,71,0.317,0,1.6.0
20260319,4,RMSEMins,11.7193,14.00,0,0.0647,268,42,0.524,0,1.4.0
20260319,5,AUC,0.8304,0.79,0,0.0748,110,150,0.278,6,1.2.0
20260319,6,Precision,0.7590,0.71,0,0.0229,122,59,0.261,4,2.0.0
20260319,7,MacroF1,0.8715,0.85,0,0.1043,51,319,0.290,5,1.1.0
20260319,8,AUC,0.7883,0.74,0,0.0288,378,42,0.754,0,1.0.0
20260320,1,MAPE,8.7576,12.00,0,0.0454,155,231,0.235,5,2.3.0
20260320,2,NDCG@5,0.8237,0.82,0,0.0989,1276,45,0.508,6,3.1.0
20260320,3,QuoteAcceptRate,0.6830,0.62,0,0.0700,289,53,0.235,1,1.6.0
20260320,4,RMSEMins,12.7657,14.00,0,0.0873,244,31,0.658,1,1.4.0
20260320,5,AUC,0.8219,0.79,0,0.0371,100,146,0.358,0,1.2.0
20260320,6,Precision,0.7168,0.71,0,0.1003,111,60,0.699,5,2.0.0
20260320,7,MacroF1,0.9031,0.85,0,0.0653,47,349,0.560,6,1.1.0
20260320,8,AUC,0.7793,0.74,0,0.0748,344,44,0.589,1,1.0.0
20260321,1,MAPE,8.1378,12.00,0,0.0512,258,228,0.722,6,2.3.0
20260321,2,NDCG@5,0.8203,0.82,0,0.1059,2116,51,0.223,0,3.1.0
20260321,3,QuoteAcceptRate,0.6862,0.62,0,0.0538,478,79,0.745,2,1.6.0
20260321,4,RMSEMins,13.2191,14.00,0,0.0945,405,37,0.305,2,1.4.0
20260321,5,AUC,0.8065,0.79,0,0.0606,166,188,0.620,1,1.2.0
20260321,6,Precision,0.7299,0.71,0,0.0286,184,67,0.771,6,2.0.0
20260321,7,MacroF1,0.8864,0.85,0,0.0288,77,379,0.649,0,1.1.0
20260321,8,AUC,0.7484,0.74,0,0.0242,570,37,0.737,2,1.0.0
20260322,1,MAPE,9.2423,12.00,0,0.0457,255,207,0.406,7,2.3.0
20260322,2,NDCG@5,0.8297,0.82,0,0.0921,2093,44,0.584,1,3.1.0
20260322,3,QuoteAcceptRate,0.6557,0.62,0,0.1049,473,69,0.557,3,1.6.0
20260322,4,RMSEMins,13.3903,14.00,0,0.0410,400,39,0.679,3,1.4.0
20260322,5,AUC,0.8023,0.79,0,0.0652,164,159,0.665,2,1.2.0
20260322,6,Precision,0.7362,0.71,0,0.0497,182,75,0.256,0,2.0.0
20260322,7,MacroF1,0.8714,0.85,0,0.0488,76,305,0.695,1,1.1.0
20260322,8,AUC,0.7919,0.74,0,0.0393,564,36,0.473,3,1.0.0
20260323,1,MAPE,8.8552,12.00,0,0.0477,169,219,0.669,8,2.3.0
20260323,2,NDCG@5,0.8087,0.82,1,0.0773,1392,50,0.441,2,3.1.0
20260323,3,QuoteAcceptRate,0.6358,0.62,0,0.0707,315,53,0.621,4,1.6.0
20260323,4,RMSEMins,12.7648,14.00,0,0.0939,266,50,0.779,4,1.4.0
20260323,5,AUC,0.8314,0.79,0,0.0470,109,151,0.470,3,1.2.0
20260323,6,Precision,0.7760,0.71,0,0.0585,121,64,0.279,1,2.0.0
20260323,7,MacroF1,0.8885,0.85,0,0.0916,51,315,0.257,2,1.1.0
20260323,8,AUC,0.7850,0.74,0,0.0840,375,36,0.305,4,1.0.0
20260324,1,MAPE,9.0235,12.00,0,0.0484,172,208,0.435,9,2.3.0
20260324,2,NDCG@5,0.8091,0.82,1,0.0623,1414,42,0.364,3,3.1.0
20260324,3,QuoteAcceptRate,0.6431,0.62,0,0.0474,320,64,0.506,5,1.6.0
20260324,4,RMSEMins,12.7980,14.00,0,0.0525,271,45,0.531,5,1.4.0
20260324,5,AUC,0.8052,0.79,0,0.0991,111,191,0.508,4,1.2.0
20260324,6,Precision,0.7344,0.71,0,0.0292,123,73,0.396,2,2.0.0
20260324,7,MacroF1,0.8873,0.85,0,0.0242,52,384,0.818,3,1.1.0
20260324,8,AUC,0.7748,0.74,0,0.0250,381,47,0.672,5,1.0.0
20260325,1,MAPE,8.6474,12.00,0,0.0436,171,163,0.221,10,2.3.0
20260325,2,NDCG@5,0.8287,0.82,0,0.0286,1403,44,0.265,4,3.1.0
20260325,3,QuoteAcceptRate,0.6746,0.62,0,0.0739,317,56,0.336,6,1.6.0
20260325,4,RMSEMins,12.2335,14.00,0,0.0458,268,39,0.209,6,1.4.0
20260325,5,AUC,0.8263,0.79,0,0.0442,110,153,0.696,5,1.2.0
20260325,6,Precision,0.7430,0.71,0,0.0710,122,84,0.361,3,2.0.0
20260325,7,MacroF1,0.8948,0.85,0,0.0264,51,335,0.655,4,1.1.0
20260325,8,AUC,0.7431,0.74,0,0.0961,378,35,0.654,6,1.0.0
20260326,1,MAPE,8.8958,12.00,0,0.0715,157,210,0.762,11,2.3.0
20260326,2,NDCG@5,0.8305,0.82,0,0.0834,1288,42,0.648,5,3.1.0
20260326,3,QuoteAcceptRate,0.6850,0.62,0,0.0516,291,66,0.545,0,1.6.0
20260326,4,RMSEMins,12.9197,14.00,0,0.0227,246,38,0.814,0,1.4.0
20260326,5,AUC,0.8453,0.79,0,0.1096,101,167,0.624,6,1.2.0
20260326,6,Precision,0.7457,0.71,0,0.0320,112,66,0.286,4,2.0.0
20260326,7,MacroF1,0.9013,0.85,0,0.0724,47,390,0.525,5,1.1.0
20260326,8,AUC,0.7806,0.74,0,0.0766,347,41,0.295,0,1.0.0
20260327,1,MAPE,8.3727,12.00,0,0.0356,155,181,0.843,12,2.3.0
20260327,2,NDCG@5,0.8246,0.82,0,0.0742,1276,66,0.562,6,3.1.0
20260327,3,QuoteAcceptRate,0.6248,0.62,0,0.0451,289,67,0.524,1,1.6.0
20260327,4,RMSEMins,11.7528,14.00,0,0.0860,244,33,0.713,1,1.4.0
20260327,5,AUC,0.8251,0.79,0,0.1060,100,167,0.597,0,1.2.0
20260327,6,Precision,0.7220,0.71,0,0.0253,111,71,0.533,5,2.0.0
20260327,7,MacroF1,0.8651,0.85,0,0.0661,47,344,0.694,6,1.1.0
20260327,8,AUC,0.7757,0.74,0,0.0855,344,40,0.473,1,1.0.0
20260328,1,MAPE,8.8559,12.00,0,0.0572,237,157,0.594,13,2.3.0
20260328,2,NDCG@5,0.8092,0.82,1,0.0398,1944,49,0.688,0,3.1.0
20260328,3,QuoteAcceptRate,0.6741,0.62,0,0.0604,439,68,0.753,2,1.6.0
20260328,4,RMSEMins,12.8390,14.00,0,0.1038,372,38,0.308,2,1.4.0
20260328,5,AUC,0.8300,0.79,0,0.0353,152,158,0.296,1,1.2.0
20260328,6,Precision,0.7142,0.71,0,0.0616,169,72,0.229,6,2.0.0
20260328,7,MacroF1,0.8956,0.85,0,0.0310,71,343,0.781,0,1.1.0
20260328,8,AUC,0.7605,0.74,0,0.0820,524,47,0.718,2,1.0.0
20260329,1,MAPE,9.5592,12.00,0,0.0529,217,200,0.659,14,2.3.0
20260329,2,NDCG@5,0.8223,0.82,0,0.0843,1782,52,0.441,1,3.1.0
20260329,3,QuoteAcceptRate,0.6548,0.62,0,0.0867,403,67,0.526,3,1.6.0
20260329,4,RMSEMins,12.0075,14.00,0,0.0747,341,44,0.353,3,1.4.0
20260329,5,AUC,0.8143,0.79,0,0.0383,140,139,0.752,2,1.2.0
20260329,6,Precision,0.7437,0.71,0,0.0439,155,91,0.821,0,2.0.0
20260329,7,MacroF1,0.8745,0.85,0,0.0278,65,323,0.367,1,1.1.0
20260329,8,AUC,0.7672,0.74,0,0.0868,480,51,0.220,3,1.0.0
20260330,1,MAPE,8.6578,12.00,0,0.0667,130,162,0.625,15,2.3.0
20260330,2,NDCG@5,0.8176,0.82,1,0.0377,1070,44,0.757,2,3.1.0
20260330,3,QuoteAcceptRate,0.6453,0.62,0,0.0558,242,51,0.482,4,1.6.0
20260330,4,RMSEMins,12.4091,14.00,0,0.0478,205,39,0.816,4,1.4.0
20260330,5,AUC,0.8275,0.79,0,0.0583,84,149,0.700,3,1.2.0
20260330,6,Precision,0.7650,0.71,0,0.0729,93,65,0.677,1,2.0.0
20260330,7,MacroF1,0.8722,0.85,0,0.0992,39,267,0.326,2,1.1.0
20260330,8,AUC,0.7686,0.74,0,0.0705,288,54,0.665,4,1.0.0
20260331,1,MAPE,9.1522,12.00,0,0.0743,157,198,0.728,16,2.3.0
20260331,2,NDCG@5,0.8309,0.82,0,0.1034,1288,43,0.600,3,3.1.0
20260331,3,QuoteAcceptRate,0.6422,0.62,0,0.0969,291,57,0.766,5,1.6.0
20260331,4,RMSEMins,12.7130,14.00,0,0.0502,246,39,0.382,5,1.4.0
20260331,5,AUC,0.8178,0.79,0,0.0523,101,181,0.693,4,1.2.0
20260331,6,Precision,0.7497,0.71,0,0.0556,112,67,0.559,2,2.0.0
20260331,7,MacroF1,0.8824,0.85,0,0.0605,47,259,0.421,3,1.1.0
20260331,8,AUC,0.7715,0.74,0,0.0934,347,42,0.819,5,1.0.0
20260401,1,MAPE,9.8806,12.00,0,0.0462,211,161,0.514,17,2.3.0
20260401,2,NDCG@5,0.8129,0.82,1,0.0889,1736,44,0.353,4,3.1.0
20260401,3,QuoteAcceptRate,0.6751,0.62,0,0.0932,393,62,0.571,6,1.6.0
20260401,4,RMSEMins,12.5551,14.00,0,0.0724,332,43,0.687,6,1.4.0
20260401,5,AUC,0.8177,0.79,0,0.0415,136,126,0.735,5,1.2.0
20260401,6,Precision,0.7351,0.71,0,0.0764,151,52,0.443,3,2.0.0
20260401,7,MacroF1,0.8881,0.85,0,0.0944,63,322,0.332,4,1.1.0
20260401,8,AUC,0.7507,0.74,0,0.0696,468,45,0.778,6,1.0.0
20260402,1,MAPE,9.3342,12.00,0,0.0651,197,205,0.295,18,2.3.0
20260402,2,NDCG@5,0.8059,0.82,1,0.0977,1622,44,0.689,5,3.1.0
20260402,3,QuoteAcceptRate,0.6881,0.62,0,0.0643,367,56,0.486,0,1.6.0
20260402,4,RMSEMins,12.2270,14.00,0,0.1098,310,37,0.206,0,1.4.0
20260402,5,AUC,0.8372,0.79,0,0.1058,127,190,0.373,6,1.2.0
20260402,6,Precision,0.7343,0.71,0,0.0469,141,90,0.767,4,2.0.0
20260402,7,MacroF1,0.8522,0.85,0,0.0953,59,327,0.835,5,1.1.0
20260402,8,AUC,0.7773,0.74,0,0.0661,437,38,0.497,0,1.0.0
20260403,1,MAPE,9.0144,12.00,0,0.0427,202,206,0.384,19,2.3.0
20260403,2,NDCG@5,0.8164,0.82,1,0.0327,1656,49,0.795,6,3.1.0
20260403,3,QuoteAcceptRate,0.6882,0.62,0,0.0788,374,58,0.268,1,1.6.0
20260403,4,RMSEMins,12.3415,14.00,0,0.0515,317,39,0.805,1,1.4.0
20260403,5,AUC,0.8256,0.79,0,0.1005,130,141,0.543,0,1.2.0
20260403,6,Precision,0.7267,0.71,0,0.0890,144,74,0.280,5,2.0.0
20260403,7,MacroF1,0.8918,0.85,0,0.0931,60,334,0.533,6,1.1.0
20260403,8,AUC,0.7680,0.74,0,0.1040,446,38,0.583,1,1.0.0
20260404,1,MAPE,8.9347,12.00,0,0.0431,356,190,0.534,20,2.3.0
20260404,2,NDCG@5,0.8100,0.82,1,0.0808,2921,47,0.575,0,3.1.0
20260404,3,QuoteAcceptRate,0.6843,0.62,0,0.0811,660,66,0.231,2,1.6.0
20260404,4,RMSEMins,12.6234,14.00,0,0.0431,559,41,0.847,2,1.4.0
20260404,5,AUC,0.8125,0.79,0,0.1018,229,138,0.516,1,1.2.0
20260404,6,Precision,0.6746,0.71,1,0.0400,254,80,0.354,6,2.0.0
20260404,7,MacroF1,0.8933,0.85,0,0.0786,107,311,0.481,0,1.1.0
20260404,8,AUC,0.8068,0.74,0,0.0552,787,43,0.456,2,1.0.0
20260405,1,MAPE,9.6771,12.00,0,0.0352,295,185,0.615,21,2.3.0
20260405,2,NDCG@5,0.8149,0.82,1,0.0614,2426,45,0.440,1,3.1.0
20260405,3,QuoteAcceptRate,0.6740,0.62,0,0.1070,549,56,0.440,3,1.6.0
20260405,4,RMSEMins,12.3012,14.00,0,0.0684,464,39,0.258,3,1.4.0
20260405,5,AUC,0.8163,0.79,0,0.0254,190,138,0.843,2,1.2.0
20260405,6,Precision,0.7713,0.71,0,0.0240,211,72,0.453,0,2.0.0
20260405,7,MacroF1,0.8907,0.85,0,0.0404,89,388,0.806,1,1.1.0
20260405,8,AUC,0.7756,0.74,0,0.0224,654,44,0.481,3,1.0.0
20260406,1,MAPE,8.4530,12.00,0,0.0608,185,150,0.833,22,2.3.0
20260406,2,NDCG@5,0.8149,0.82,1,0.0633,1518,48,0.467,2,3.1.0
20260406,3,QuoteAcceptRate,0.6506,0.62,0,0.0330,343,83,0.792,4,1.6.0
20260406,4,RMSEMins,12.6746,14.00,0,0.0699,290,44,0.416,4,1.4.0
20260406,5,AUC,0.8260,0.79,0,0.0298,119,163,0.738,3,1.2.0
20260406,6,Precision,0.7308,0.71,0,0.0991,132,71,0.312,1,2.0.0
20260406,7,MacroF1,0.8837,0.85,0,0.0281,55,338,0.413,2,1.1.0
20260406,8,AUC,0.7736,0.74,0,0.0880,409,52,0.406,4,1.0.0
20260407,1,MAPE,8.2278,12.00,0,0.0444,202,197,0.230,23,2.3.0
20260407,2,NDCG@5,0.8204,0.82,0,0.0587,1656,52,0.604,3,3.1.0
20260407,3,QuoteAcceptRate,0.6393,0.62,0,0.0970,374,78,0.509,5,1.6.0
20260407,4,RMSEMins,12.0645,14.00,0,0.0261,317,42,0.363,5,1.4.0
20260407,5,AUC,0.8143,0.79,0,0.0540,130,142,0.393,4,1.2.0
20260407,6,Precision,0.7435,0.71,0,0.0289,144,73,0.310,2,2.0.0
20260407,7,MacroF1,0.8654,0.85,0,0.0403,60,370,0.515,3,1.1.0
20260407,8,AUC,0.7495,0.74,0,0.0656,446,38,0.316,5,1.0.0
20260408,1,MAPE,9.0096,12.00,0,0.0545,174,204,0.729,24,2.3.0
20260408,2,NDCG@5,0.8281,0.82,0,0.0849,1426,60,0.464,4,3.1.0
20260408,3,QuoteAcceptRate,0.6401,0.62,0,0.1014,322,73,0.778,6,1.6.0
20260408,4,RMSEMins,13.1926,14.00,0,0.0396,273,31,0.557,6,1.4.0
20260408,5,AUC,0.8240,0.79,0,0.0387,112,168,0.779,5,1.2.0
20260408,6,Precision,0.7211,0.71,0,0.1016,124,96,0.604,3,2.0.0
20260408,7,MacroF1,0.8889,0.85,0,0.0832,52,414,0.633,4,1.1.0
20260408,8,AUC,0.7865,0.74,0,0.0391,384,46,0.645,6,1.0.0
20260409,1,MAPE,8.1582,12.00,0,0.0445,214,234,0.452,25,2.3.0
20260409,2,NDCG@5,0.8317,0.82,0,0.0881,1760,53,0.578,5,3.1.0
20260409,3,QuoteAcceptRate,0.6605,0.62,0,0.0731,398,49,0.474,0,1.6.0
20260409,4,RMSEMins,12.3994,14.00,0,0.0846,337,48,0.800,0,1.4.0
20260409,5,AUC,0.8271,0.79,0,0.0249,138,155,0.755,6,1.2.0
20260409,6,Precision,0.7465,0.71,0,0.0487,153,73,0.435,4,2.0.0
20260409,7,MacroF1,0.8594,0.85,0,0.0814,64,308,0.308,5,1.1.0
20260409,8,AUC,0.7688,0.74,0,0.0314,474,46,0.503,0,1.0.0
20260410,1,MAPE,9.5686,12.00,0,0.0511,192,225,0.406,26,2.3.0
20260410,2,NDCG@5,0.8269,0.82,0,0.0881,1576,46,0.497,6,3.1.0
20260410,3,QuoteAcceptRate,0.6205,0.62,0,0.0252,356,68,0.735,1,1.6.0
20260410,4,RMSEMins,11.5230,14.00,0,0.0780,301,37,0.671,1,1.4.0
20260410,5,AUC,0.8255,0.79,0,0.0810,123,140,0.443,0,1.2.0
20260410,6,Precision,0.7341,0.71,0,0.1014,137,85,0.529,5,2.0.0
20260410,7,MacroF1,0.8747,0.85,0,0.0358,58,366,0.437,6,1.1.0
20260410,8,AUC,0.7662,0.74,0,0.0629,425,40,0.514,1,1.0.0
20260411,1,MAPE,8.2723,12.00,0,0.0695,260,230,0.265,27,2.3.0
20260411,2,NDCG@5,0.8179,0.82,1,0.0419,2139,62,0.472,0,3.1.0
20260411,3,QuoteAcceptRate,0.6732,0.62,0,0.0777,484,76,0.620,2,1.6.0
20260411,4,RMSEMins,11.8872,14.00,0,0.1057,409,46,0.282,2,1.4.0
20260411,5,AUC,0.8207,0.79,0,0.0525,167,116,0.617,1,1.2.0
20260411,6,Precision,0.7334,0.71,0,0.0383,186,78,0.503,6,2.0.0
20260411,7,MacroF1,0.9158,0.85,0,0.0308,78,330,0.646,0,1.1.0
20260411,8,AUC,0.7417,0.74,0,0.0931,577,43,0.202,2,1.0.0
20260412,1,MAPE,8.7622,12.00,0,0.0660,280,240,0.383,28,2.3.0
20260412,2,NDCG@5,0.8320,0.82,0,0.0429,2300,46,0.566,1,3.1.0
20260412,3,QuoteAcceptRate,0.6485,0.62,0,0.0588,520,60,0.451,3,1.6.0
20260412,4,RMSEMins,12.4700,14.00,0,0.0775,440,34,0.761,3,1.4.0
20260412,5,AUC,0.8234,0.79,0,0.0610,180,206,0.309,2,1.2.0
20260412,6,Precision,0.7596,0.71,0,0.0488,200,72,0.714,0,2.0.0
20260412,7,MacroF1,0.8797,0.85,0,0.0210,84,341,0.654,1,1.1.0
20260412,8,AUC,0.7749,0.74,0,0.0854,620,48,0.551,3,1.0.0
20260413,1,MAPE,9.5075,12.00,0,0.0730,200,153,0.326,29,2.3.0
20260413,2,NDCG@5,0.8101,0.82,1,0.1092,1644,52,0.460,2,3.1.0
20260413,3,QuoteAcceptRate,0.6523,0.62,0,0.1096,372,69,0.621,4,1.6.0
20260413,4,RMSEMins,12.0441,14.00,0,0.0902,315,31,0.841,4,1.4.0
20260413,5,AUC,0.8437,0.79,0,0.0486,129,162,0.438,3,1.2.0
20260413,6,Precision,0.7840,0.71,0,0.0773,143,66,0.723,1,2.0.0
20260413,7,MacroF1,0.9000,0.85,0,0.1045,60,357,0.788,2,1.1.0
20260413,8,AUC,0.7587,0.74,0,0.0252,443,37,0.560,4,1.0.0
20260414,1,MAPE,9.7618,12.00,0,0.0709,188,198,0.794,30,2.3.0
20260414,2,NDCG@5,0.8139,0.82,1,0.0443,1541,39,0.610,3,3.1.0
20260414,3,QuoteAcceptRate,0.6403,0.62,0,0.1046,348,61,0.294,5,1.6.0
20260414,4,RMSEMins,12.7083,14.00,0,0.0225,295,39,0.331,5,1.4.0
20260414,5,AUC,0.8279,0.79,0,0.0408,121,189,0.443,4,1.2.0
20260414,6,Precision,0.7568,0.71,0,0.0940,134,99,0.320,2,2.0.0
20260414,7,MacroF1,0.8637,0.85,0,0.0556,56,261,0.690,3,1.1.0
20260414,8,AUC,0.7849,0.74,0,0.0826,415,45,0.347,5,1.0.0
20260415,1,MAPE,8.3830,12.00,0,0.0467,225,235,0.350,31,2.3.0
20260415,2,NDCG@5,0.8137,0.82,1,0.1029,1852,52,0.318,4,3.1.0
20260415,3,QuoteAcceptRate,0.6388,0.62,0,0.0320,419,66,0.791,6,1.6.0
20260415,4,RMSEMins,13.1649,14.00,0,0.0515,354,30,0.645,6,1.4.0
20260415,5,AUC,0.8294,0.79,0,0.1003,145,175,0.267,5,1.2.0
20260415,6,Precision,0.7249,0.71,0,0.0315,161,68,0.527,3,2.0.0
20260415,7,MacroF1,0.8678,0.85,0,0.0452,68,300,0.803,4,1.1.0
20260415,8,AUC,0.7603,0.74,0,0.0392,499,42,0.848,6,1.0.0
20260416,1,MAPE,9.4351,12.00,0,0.0549,167,182,0.205,32,2.3.0
20260416,2,NDCG@5,0.8236,0.82,0,0.0801,1368,40,0.769,5,3.1.0
20260416,3,QuoteAcceptRate,0.6637,0.62,0,0.1062,309,54,0.843,0,1.6.0
20260416,4,RMSEMins,12.7364,14.00,0,0.0784,262,36,0.642,0,1.4.0
20260416,5,AUC,0.8220,0.79,0,0.0437,107,169,0.563,6,1.2.0
20260416,6,Precision,0.7093,0.71,1,0.0706,119,69,0.292,4,2.0.0
20260416,7,MacroF1,0.8931,0.85,0,0.0535,50,373,0.670,5,1.1.0
20260416,8,AUC,0.7872,0.74,0,0.0263,369,53,0.745,0,1.0.0
20260417,1,MAPE,9.0654,12.00,0,0.0589,189,204,0.581,33,2.3.0
20260417,2,NDCG@5,0.8096,0.82,1,0.0517,1552,52,0.473,6,3.1.0
20260417,3,QuoteAcceptRate,0.6670,0.62,0,0.1073,351,70,0.749,1,1.6.0
20260417,4,RMSEMins,12.7852,14.00,0,0.0458,297,35,0.771,1,1.4.0
20260417,5,AUC,0.8367,0.79,0,0.0547,122,208,0.522,0,1.2.0
20260417,6,Precision,0.6991,0.71,1,0.0561,135,97,0.610,5,2.0.0
20260417,7,MacroF1,0.9101,0.85,0,0.0900,57,393,0.615,6,1.1.0
20260417,8,AUC,0.7575,0.74,0,0.0282,418,49,0.276,1,1.0.0
20260418,1,MAPE,8.7485,12.00,0,0.0685,260,226,0.349,34,2.3.0
20260418,2,NDCG@5,0.8000,0.82,1,0.0563,2139,56,0.522,0,3.1.0
20260418,3,QuoteAcceptRate,0.6835,0.62,0,0.0924,484,56,0.538,2,1.6.0
20260418,4,RMSEMins,13.3988,14.00,0,0.0339,409,34,0.337,2,1.4.0
20260418,5,AUC,0.8352,0.79,0,0.0734,167,182,0.695,1,1.2.0
20260418,6,Precision,0.7411,0.71,0,0.0961,186,62,0.569,6,2.0.0
20260418,7,MacroF1,0.8826,0.85,0,0.0543,78,325,0.729,0,1.1.0
20260418,8,AUC,0.7777,0.74,0,0.0486,577,33,0.771,2,1.0.0
20260419,1,MAPE,8.6834,12.00,0,0.0492,279,217,0.663,35,2.3.0
20260419,2,NDCG@5,0.8205,0.82,0,0.0778,2288,49,0.304,1,3.1.0
20260419,3,QuoteAcceptRate,0.7031,0.62,0,0.0485,517,65,0.780,3,1.6.0
20260419,4,RMSEMins,12.4598,14.00,0,0.0451,438,41,0.449,3,1.4.0
20260419,5,AUC,0.8453,0.79,0,0.0508,179,128,0.268,2,1.2.0
20260419,6,Precision,0.7842,0.71,0,0.0527,199,70,0.726,0,2.0.0
20260419,7,MacroF1,0.8861,0.85,0,0.0545,84,313,0.781,1,1.1.0
20260419,8,AUC,0.7402,0.74,0,0.0287,617,50,0.566,3,1.0.0
20260420,1,MAPE,9.5499,12.00,0,0.0531,182,177,0.797,36,2.3.0
20260420,2,NDCG@5,0.8157,0.82,1,0.0630,1495,49,0.656,2,3.1.0
20260420,3,QuoteAcceptRate,0.6697,0.62,0,0.0465,338,55,0.474,4,1.6.0
20260420,4,RMSEMins,12.1490,14.00,0,0.0365,286,36,0.437,4,1.4.0
20260420,5,AUC,0.8246,0.79,0,0.0399,117,144,0.442,3,1.2.0
20260420,6,Precision,0.7701,0.71,0,0.0783,130,74,0.353,1,2.0.0
20260420,7,MacroF1,0.8789,0.85,0,0.1072,55,384,0.289,2,1.1.0
20260420,8,AUC,0.7537,0.74,0,0.0795,403,52,0.448,4,1.0.0
20260421,1,MAPE,9.5421,12.00,0,0.0445,193,207,0.738,37,2.3.0
20260421,2,NDCG@5,0.8214,0.82,0,0.0377,1587,44,0.592,3,3.1.0
20260421,3,QuoteAcceptRate,0.6675,0.62,0,0.1084,359,65,0.559,5,1.6.0
20260421,4,RMSEMins,13.2453,14.00,0,0.0369,304,48,0.780,5,1.4.0
20260421,5,AUC,0.8148,0.79,0,0.0866,124,142,0.713,4,1.2.0
20260421,6,Precision,0.7205,0.71,0,0.0646,138,66,0.744,2,2.0.0
20260421,7,MacroF1,0.8691,0.85,0,0.0395,58,364,0.773,3,1.1.0
20260421,8,AUC,0.7464,0.74,0,0.0758,428,38,0.552,5,1.0.0
20260422,1,MAPE,9.0296,12.00,0,0.0678,186,185,0.262,38,2.3.0
20260422,2,NDCG@5,0.8176,0.82,1,0.0336,1530,40,0.847,4,3.1.0
20260422,3,QuoteAcceptRate,0.6583,0.62,0,0.0482,346,53,0.539,6,1.6.0
20260422,4,RMSEMins,12.6853,14.00,0,0.0673,293,50,0.492,6,1.4.0
20260422,5,AUC,0.8193,0.79,0,0.0332,120,140,0.829,5,1.2.0
20260422,6,Precision,0.7681,0.71,0,0.0879,133,71,0.594,3,2.0.0
20260422,7,MacroF1,0.8685,0.85,0,0.0775,56,309,0.808,4,1.1.0
20260422,8,AUC,0.7462,0.74,0,0.0612,412,45,0.580,6,1.0.0
20260423,1,MAPE,9.3519,12.00,0,0.0744,190,217,0.801,39,2.3.0
20260423,2,NDCG@5,0.8313,0.82,0,0.1050,1564,45,0.453,5,3.1.0
20260423,3,QuoteAcceptRate,0.6774,0.62,0,0.0234,354,60,0.599,0,1.6.0
20260423,4,RMSEMins,13.0409,14.00,0,0.0738,299,39,0.455,0,1.4.0
20260423,5,AUC,0.8127,0.79,0,0.0382,122,160,0.215,6,1.2.0
20260423,6,Precision,0.7421,0.71,0,0.0956,136,61,0.410,4,2.0.0
20260423,7,MacroF1,0.8540,0.85,0,0.0217,57,378,0.416,5,1.1.0
20260423,8,AUC,0.7577,0.74,0,0.0466,422,42,0.614,0,1.0.0
20260424,1,MAPE,8.3604,12.00,0,0.0579,197,197,0.538,40,2.3.0
20260424,2,NDCG@5,0.8021,0.82,1,0.1034,1622,52,0.751,6,3.1.0
20260424,3,QuoteAcceptRate,0.6238,0.62,0,0.0760,367,58,0.345,1,1.6.0
20260424,4,RMSEMins,13.1551,14.00,0,0.0924,310,30,0.220,1,1.4.0
20260424,5,AUC,0.8335,0.79,0,0.0614,127,172,0.227,0,1.2.0
20260424,6,Precision,0.7293,0.71,0,0.0745,141,68,0.561,5,2.0.0
20260424,7,MacroF1,0.8835,0.85,0,0.0957,59,289,0.220,6,1.1.0
20260424,8,AUC,0.7795,0.74,0,0.0215,437,32,0.464,1,1.0.0
20260425,1,MAPE,9.3943,12.00,0,0.0480,260,231,0.278,41,2.3.0
20260425,2,NDCG@5,0.8124,0.82,1,0.0534,2139,47,0.750,0,3.1.0
20260425,3,QuoteAcceptRate,0.6656,0.62,0,0.0839,484,66,0.455,2,1.6.0
20260425,4,RMSEMins,12.2220,14.00,0,0.0417,409,37,0.506,2,1.4.0
20260425,5,AUC,0.8257,0.79,0,0.0363,167,147,0.699,1,1.2.0
20260425,6,Precision,0.7108,0.71,0,0.1014,186,57,0.548,6,2.0.0
20260425,7,MacroF1,0.8814,0.85,0,0.0946,78,352,0.409,0,1.1.0
20260425,8,AUC,0.7878,0.74,0,0.1056,577,47,0.557,2,1.0.0
20260426,1,MAPE,9.3779,12.00,0,0.0498,246,239,0.503,42,2.3.0
20260426,2,NDCG@5,0.8021,0.82,1,0.0521,2024,50,0.364,1,3.1.0
20260426,3,QuoteAcceptRate,0.6988,0.62,0,0.0712,458,50,0.204,3,1.6.0
20260426,4,RMSEMins,12.4010,14.00,0,0.0966,387,32,0.770,3,1.4.0
20260426,5,AUC,0.8358,0.79,0,0.0639,158,140,0.597,2,1.2.0
20260426,6,Precision,0.7231,0.71,0,0.0431,176,81,0.319,0,2.0.0
20260426,7,MacroF1,0.8839,0.85,0,0.0604,74,272,0.349,1,1.1.0
20260426,8,AUC,0.7711,0.74,0,0.0211,546,39,0.441,3,1.0.0
20260427,1,MAPE,8.6254,12.00,0,0.0707,172,173,0.253,43,2.3.0
20260427,2,NDCG@5,0.8082,0.82,1,0.0834,1414,38,0.276,2,3.1.0
20260427,3,QuoteAcceptRate,0.6805,0.62,0,0.0902,320,68,0.707,4,1.6.0
20260427,4,RMSEMins,13.1178,14.00,0,0.0309,271,43,0.700,4,1.4.0
20260427,5,AUC,0.8324,0.79,0,0.0266,111,138,0.442,3,1.2.0
20260427,6,Precision,0.7637,0.71,0,0.0646,123,64,0.689,1,2.0.0
20260427,7,MacroF1,0.8966,0.85,0,0.0397,52,304,0.703,2,1.1.0
20260427,8,AUC,0.7458,0.74,0,0.1015,381,52,0.783,4,1.0.0
20260428,1,MAPE,9.2113,12.00,0,0.0587,167,205,0.241,44,2.3.0
20260428,2,NDCG@5,0.8143,0.82,1,0.0505,1368,51,0.210,3,3.1.0
20260428,3,QuoteAcceptRate,0.6646,0.62,0,0.1068,309,53,0.269,5,1.6.0
20260428,4,RMSEMins,12.9127,14.00,0,0.0570,262,36,0.522,5,1.4.0
20260428,5,AUC,0.8247,0.79,0,0.1097,107,154,0.733,4,1.2.0
20260428,6,Precision,0.7483,0.71,0,0.0946,119,71,0.611,2,2.0.0
20260428,7,MacroF1,0.8763,0.85,0,0.0678,50,338,0.314,3,1.1.0
20260428,8,AUC,0.7533,0.74,0,0.1074,369,53,0.688,5,1.0.0
20260429,1,MAPE,8.9832,12.00,0,0.0445,147,269,0.716,45,2.3.0
20260429,2,NDCG@5,0.8314,0.82,0,0.0653,1208,46,0.545,4,3.1.0
20260429,3,QuoteAcceptRate,0.6498,0.62,0,0.0381,273,60,0.829,6,1.6.0
20260429,4,RMSEMins,11.8782,14.00,0,0.0772,231,33,0.813,6,1.4.0
20260429,5,AUC,0.8169,0.79,0,0.0281,94,156,0.385,5,1.2.0
20260429,6,Precision,0.7509,0.71,0,0.0892,105,47,0.700,3,2.0.0
20260429,7,MacroF1,0.8997,0.85,0,0.0425,44,310,0.716,4,1.1.0
20260429,8,AUC,0.7685,0.74,0,0.0511,326,47,0.755,6,1.0.0
20260430,1,MAPE,9.0364,12.00,0,0.0721,165,234,0.579,46,2.3.0
20260430,2,NDCG@5,0.8011,0.82,1,0.0475,1357,44,0.673,5,3.1.0
20260430,3,QuoteAcceptRate,0.6588,0.62,0,0.0605,307,53,0.548,0,1.6.0
20260430,4,RMSEMins,12.5807,14.00,0,0.0410,260,38,0.681,0,1.4.0
20260430,5,AUC,0.8264,0.79,0,0.0334,106,162,0.656,6,1.2.0
20260430,6,Precision,0.7090,0.71,1,0.0882,118,75,0.606,4,2.0.0
20260430,7,MacroF1,0.8664,0.85,0,0.0318,50,296,0.746,5,1.1.0
20260430,8,AUC,0.7575,0.74,0,0.0837,366,32,0.219,0,1.0.0
20260501,1,MAPE,9.0823,12.00,0,0.0667,211,195,0.206,47,2.3.0
20260501,2,NDCG@5,0.8144,0.82,1,0.0701,1736,51,0.396,6,3.1.0
20260501,3,QuoteAcceptRate,0.6525,0.62,0,0.0511,393,74,0.817,1,1.6.0
20260501,4,RMSEMins,11.8166,14.00,0,0.0596,332,42,0.562,1,1.4.0
20260501,5,AUC,0.8200,0.79,0,0.0596,136,157,0.419,0,1.2.0
20260501,6,Precision,0.7363,0.71,0,0.0462,151,77,0.696,5,2.0.0
20260501,7,MacroF1,0.8956,0.85,0,0.0743,63,340,0.418,6,1.1.0
20260501,8,AUC,0.7860,0.74,0,0.0471,468,44,0.459,1,1.0.0
20260502,1,MAPE,8.8264,12.00,0,0.0702,252,259,0.635,48,2.3.0
20260502,2,NDCG@5,0.8158,0.82,1,0.0921,2070,61,0.332,0,3.1.0
20260502,3,QuoteAcceptRate,0.6610,0.62,0,0.0874,468,67,0.526,2,1.6.0
20260502,4,RMSEMins,13.6958,14.00,0,0.1020,396,35,0.380,2,1.4.0
20260502,5,AUC,0.8132,0.79,0,0.0960,162,150,0.615,1,1.2.0
20260502,6,Precision,0.7325,0.71,0,0.0205,180,74,0.366,6,2.0.0
20260502,7,MacroF1,0.8706,0.85,0,0.0592,76,409,0.667,0,1.1.0
20260502,8,AUC,0.7516,0.74,0,0.0411,558,49,0.312,2,1.0.0
20260503,1,MAPE,8.4357,12.00,0,0.0440,290,242,0.460,49,2.3.0
20260503,2,NDCG@5,0.8031,0.82,1,0.0324,2380,40,0.654,1,3.1.0
20260503,3,QuoteAcceptRate,0.6735,0.62,0,0.0443,538,56,0.499,3,1.6.0
20260503,4,RMSEMins,12.8582,14.00,0,0.1048,455,41,0.600,3,1.4.0
20260503,5,AUC,0.8270,0.79,0,0.1058,186,134,0.610,2,1.2.0
20260503,6,Precision,0.7442,0.71,0,0.0257,207,74,0.338,0,2.0.0
20260503,7,MacroF1,0.8933,0.85,0,0.0207,87,337,0.626,1,1.1.0
20260503,8,AUC,0.7548,0.74,0,0.0911,642,48,0.672,3,1.0.0
20260504,1,MAPE,8.8903,12.00,0,0.0631,202,188,0.814,50,2.3.0
20260504,2,NDCG@5,0.8273,0.82,0,0.0690,1656,60,0.837,2,3.1.0
20260504,3,QuoteAcceptRate,0.6794,0.62,0,0.1033,374,54,0.837,4,1.6.0
20260504,4,RMSEMins,13.5221,14.00,0,0.0957,317,41,0.760,4,1.4.0
20260504,5,AUC,0.8206,0.79,0,0.0247,130,151,0.451,3,1.2.0
20260504,6,Precision,0.7747,0.71,0,0.0588,144,79,0.804,1,2.0.0
20260504,7,MacroF1,0.8847,0.85,0,0.0606,60,283,0.433,2,1.1.0
20260504,8,AUC,0.7870,0.74,0,0.0581,446,46,0.538,4,1.0.0
20260505,1,MAPE,8.8578,12.00,0,0.0520,186,183,0.297,51,2.3.0
20260505,2,NDCG@5,0.8307,0.82,0,0.0854,1530,38,0.478,3,3.1.0
20260505,3,QuoteAcceptRate,0.6744,0.62,0,0.0451,346,46,0.314,5,1.6.0
20260505,4,RMSEMins,11.2036,14.00,0,0.1093,293,38,0.813,5,1.4.0
20260505,5,AUC,0.8589,0.79,0,0.1040,120,180,0.604,4,1.2.0
20260505,6,Precision,0.7449,0.71,0,0.0802,133,78,0.466,2,2.0.0
20260505,7,MacroF1,0.8846,0.85,0,0.0821,56,259,0.820,3,1.1.0
20260505,8,AUC,0.8018,0.74,0,0.0361,412,43,0.449,5,1.0.0
20260506,1,MAPE,9.9648,12.00,0,0.0382,158,169,0.231,52,2.3.0
20260506,2,NDCG@5,0.8096,0.82,1,0.0932,1300,54,0.200,4,3.1.0
20260506,3,QuoteAcceptRate,0.6377,0.62,0,0.0536,294,50,0.809,6,1.6.0
20260506,4,RMSEMins,13.8042,14.00,0,0.1009,249,42,0.736,6,1.4.0
20260506,5,AUC,0.8016,0.79,0,0.0958,102,141,0.621,5,1.2.0
20260506,6,Precision,0.7409,0.71,0,0.0496,113,74,0.801,3,2.0.0
20260506,7,MacroF1,0.9083,0.85,0,0.1022,47,338,0.223,4,1.1.0
20260506,8,AUC,0.7913,0.74,0,0.0249,350,45,0.478,6,1.0.0
20260507,1,MAPE,7.6462,12.00,0,0.0364,192,245,0.802,53,2.3.0
20260507,2,NDCG@5,0.8204,0.82,0,0.1010,1576,41,0.846,5,3.1.0
20260507,3,QuoteAcceptRate,0.6632,0.62,0,0.0451,356,71,0.708,0,1.6.0
20260507,4,RMSEMins,11.9360,14.00,0,0.1000,301,37,0.622,0,1.4.0
20260507,5,AUC,0.8289,0.79,0,0.0933,123,122,0.788,6,1.2.0
20260507,6,Precision,0.7156,0.71,0,0.0896,137,67,0.314,4,2.0.0
20260507,7,MacroF1,0.8674,0.85,0,0.0491,58,338,0.534,5,1.1.0
20260507,8,AUC,0.7737,0.74,0,0.0414,425,42,0.452,0,1.0.0
20260508,1,MAPE,8.4882,12.00,0,0.0388,154,209,0.485,54,2.3.0
20260508,2,NDCG@5,0.8244,0.82,0,0.0417,1265,54,0.311,6,3.1.0
20260508,3,QuoteAcceptRate,0.6655,0.62,0,0.0753,286,67,0.324,1,1.6.0
20260508,4,RMSEMins,12.8981,14.00,0,0.0529,242,37,0.618,1,1.4.0
20260508,5,AUC,0.8202,0.79,0,0.0229,99,147,0.562,0,1.2.0
20260508,6,Precision,0.7671,0.71,0,0.0433,110,60,0.434,5,2.0.0
20260508,7,MacroF1,0.8737,0.85,0,0.0614,46,335,0.704,6,1.1.0
20260508,8,AUC,0.7852,0.74,0,0.0206,341,46,0.752,1,1.0.0
20260509,1,MAPE,9.8853,12.00,0,0.0467,252,205,0.563,55,2.3.0
20260509,2,NDCG@5,0.8251,0.82,0,0.0816,2070,58,0.800,0,3.1.0
20260509,3,QuoteAcceptRate,0.6747,0.62,0,0.1025,468,54,0.807,2,1.6.0
20260509,4,RMSEMins,12.4163,14.00,0,0.1070,396,37,0.242,2,1.4.0
20260509,5,AUC,0.8185,0.79,0,0.0410,162,113,0.261,1,1.2.0
20260509,6,Precision,0.7413,0.71,0,0.0432,180,73,0.705,6,2.0.0
20260509,7,MacroF1,0.8866,0.85,0,0.0897,76,256,0.616,0,1.1.0
20260509,8,AUC,0.7659,0.74,0,0.0461,558,47,0.734,2,1.0.0
20260510,1,MAPE,8.6815,12.00,0,0.0570,253,217,0.270,56,2.3.0
20260510,2,NDCG@5,0.8161,0.82,1,0.1022,2082,47,0.469,1,3.1.0
20260510,3,QuoteAcceptRate,0.6497,0.62,0,0.0886,471,61,0.407,3,1.6.0
20260510,4,RMSEMins,12.4492,14.00,0,0.0235,398,33,0.244,3,1.4.0
20260510,5,AUC,0.8419,0.79,0,0.0428,163,109,0.834,2,1.2.0
20260510,6,Precision,0.7642,0.71,0,0.0211,181,71,0.232,0,2.0.0
20260510,7,MacroF1,0.8896,0.85,0,0.0856,76,313,0.559,1,1.1.0
20260510,8,AUC,0.7728,0.74,0,0.0262,561,47,0.660,3,1.0.0
20260511,1,MAPE,8.4661,12.00,0,0.0402,182,176,0.682,57,2.3.0
20260511,2,NDCG@5,0.8085,0.82,1,0.0362,1495,44,0.422,2,3.1.0
20260511,3,QuoteAcceptRate,0.7004,0.62,0,0.0795,338,59,0.277,4,1.6.0
20260511,4,RMSEMins,13.0495,14.00,0,0.0669,286,40,0.366,4,1.4.0
20260511,5,AUC,0.8130,0.79,0,0.0837,117,164,0.478,3,1.2.0
20260511,6,Precision,0.7262,0.71,0,0.0257,130,77,0.639,1,2.0.0
20260511,7,MacroF1,0.8725,0.85,0,0.0574,55,432,0.732,2,1.1.0
20260511,8,AUC,0.8062,0.74,0,0.0763,403,40,0.554,4,1.0.0
20260512,1,MAPE,8.4836,12.00,0,0.0417,190,227,0.814,58,2.3.0
20260512,2,NDCG@5,0.8154,0.82,1,0.0653,1564,38,0.535,3,3.1.0
20260512,3,QuoteAcceptRate,0.6914,0.62,0,0.0244,354,58,0.267,5,1.6.0
20260512,4,RMSEMins,13.9752,14.00,0,0.0719,299,47,0.303,5,1.4.0
20260512,5,AUC,0.8225,0.79,0,0.0660,122,170,0.463,4,1.2.0
20260512,6,Precision,0.7444,0.71,0,0.0245,136,79,0.313,2,2.0.0
20260512,7,MacroF1,0.9033,0.85,0,0.0581,57,238,0.740,3,1.1.0
20260512,8,AUC,0.7737,0.74,0,0.0239,422,43,0.483,5,1.0.0
20260513,1,MAPE,8.3995,12.00,0,0.0724,185,190,0.626,59,2.3.0
20260513,2,NDCG@5,0.8258,0.82,0,0.0883,1518,47,0.462,4,3.1.0
20260513,3,QuoteAcceptRate,0.6679,0.62,0,0.0633,343,61,0.598,6,1.6.0
20260513,4,RMSEMins,13.3910,14.00,0,0.0409,290,39,0.581,6,1.4.0
20260513,5,AUC,0.8316,0.79,0,0.0426,119,177,0.219,5,1.2.0
20260513,6,Precision,0.7266,0.71,0,0.0544,132,75,0.848,3,2.0.0
20260513,7,MacroF1,0.8779,0.85,0,0.0368,55,313,0.381,4,1.1.0
20260513,8,AUC,0.7729,0.74,0,0.0415,409,44,0.276,6,1.0.0
20260514,1,MAPE,8.9561,12.00,0,0.0683,150,205,0.453,60,2.3.0
20260514,2,NDCG@5,0.8201,0.82,0,0.0692,1230,50,0.657,5,3.1.0
20260514,3,QuoteAcceptRate,0.6808,0.62,0,0.0653,278,52,0.765,0,1.6.0
20260514,4,RMSEMins,12.4449,14.00,0,0.0772,235,45,0.466,0,1.4.0
20260514,5,AUC,0.7995,0.79,0,0.0883,96,166,0.294,6,1.2.0
20260514,6,Precision,0.7116,0.71,0,0.0957,107,82,0.298,4,2.0.0
20260514,7,MacroF1,0.8792,0.85,0,0.0478,45,306,0.439,5,1.1.0
20260514,8,AUC,0.7898,0.74,0,0.1085,332,41,0.804,0,1.0.0
20260515,1,MAPE,8.5380,12.00,0,0.0510,189,200,0.455,61,2.3.0
20260515,2,NDCG@5,0.8299,0.82,0,0.0304,1552,41,0.420,6,3.1.0
20260515,3,QuoteAcceptRate,0.6640,0.62,0,0.0457,351,66,0.338,1,1.6.0
20260515,4,RMSEMins,13.3652,14.00,0,0.1055,297,36,0.396,1,1.4.0
20260515,5,AUC,0.8144,0.79,0,0.0551,122,187,0.747,0,1.2.0
20260515,6,Precision,0.7391,0.71,0,0.0546,135,65,0.248,5,2.0.0
20260515,7,MacroF1,0.8736,0.85,0,0.0501,57,364,0.698,6,1.1.0
20260515,8,AUC,0.7870,0.74,0,0.0343,418,51,0.313,1,1.0.0
20260516,1,MAPE,9.0168,12.00,0,0.0563,248,218,0.277,62,2.3.0
20260516,2,NDCG@5,0.8123,0.82,1,0.0409,2036,50,0.471,0,3.1.0
20260516,3,QuoteAcceptRate,0.6405,0.62,0,0.0389,460,51,0.755,2,1.6.0
20260516,4,RMSEMins,13.3236,14.00,0,0.0369,389,37,0.712,2,1.4.0
20260516,5,AUC,0.8467,0.79,0,0.0740,159,110,0.610,1,1.2.0
20260516,6,Precision,0.7547,0.71,0,0.0746,177,74,0.612,6,2.0.0
20260516,7,MacroF1,0.9042,0.85,0,0.0430,74,368,0.248,0,1.1.0
20260516,8,AUC,0.8040,0.74,0,0.0852,549,39,0.528,2,1.0.0
20260517,1,MAPE,8.5913,12.00,0,0.0639,259,176,0.804,63,2.3.0
20260517,2,NDCG@5,0.8228,0.82,0,0.0493,2128,44,0.614,1,3.1.0
20260517,3,QuoteAcceptRate,0.6757,0.62,0,0.0318,481,46,0.457,3,1.6.0
20260517,4,RMSEMins,12.4286,14.00,0,0.1005,407,35,0.336,3,1.4.0
20260517,5,AUC,0.8183,0.79,0,0.0679,166,152,0.538,2,1.2.0
20260517,6,Precision,0.7199,0.71,0,0.0345,185,56,0.424,0,2.0.0
20260517,7,MacroF1,0.8896,0.85,0,0.0201,78,312,0.425,1,1.1.0
20260517,8,AUC,0.7719,0.74,0,0.0319,574,33,0.737,3,1.0.0
20260518,1,MAPE,9.1826,12.00,0,0.0737,179,191,0.423,64,2.3.0
20260518,2,NDCG@5,0.8066,0.82,1,0.0410,1472,53,0.740,2,3.1.0
20260518,3,QuoteAcceptRate,0.6473,0.62,0,0.0939,333,59,0.783,4,1.6.0
20260518,4,RMSEMins,13.5825,14.00,0,0.0924,282,36,0.559,4,1.4.0
20260518,5,AUC,0.8379,0.79,0,0.1025,115,175,0.600,3,1.2.0
20260518,6,Precision,0.7459,0.71,0,0.0611,128,64,0.211,1,2.0.0
20260518,7,MacroF1,0.8733,0.85,0,0.0583,54,324,0.218,2,1.1.0
20260518,8,AUC,0.7532,0.74,0,0.0297,397,46,0.240,4,1.0.0
20260519,1,MAPE,8.4034,12.00,0,0.0545,179,189,0.332,65,2.3.0
20260519,2,NDCG@5,0.8038,0.82,1,0.0781,1472,52,0.752,3,3.1.0
20260519,3,QuoteAcceptRate,0.6614,0.62,0,0.0349,333,54,0.287,5,1.6.0
20260519,4,RMSEMins,13.1939,14.00,0,0.0547,282,38,0.755,5,1.4.0
20260519,5,AUC,0.8224,0.79,0,0.1018,115,148,0.327,4,1.2.0
20260519,6,Precision,0.7226,0.71,0,0.0398,128,67,0.799,2,2.0.0
20260519,7,MacroF1,0.8998,0.85,0,0.0545,54,345,0.312,3,1.1.0
20260519,8,AUC,0.7724,0.74,0,0.0838,397,41,0.760,5,1.0.0
20260520,1,MAPE,9.2349,12.00,0,0.0425,193,211,0.825,66,2.3.0
20260520,2,NDCG@5,0.8092,0.82,1,0.0438,1587,41,0.396,4,3.1.0
20260520,3,QuoteAcceptRate,0.6698,0.62,0,0.0525,359,74,0.404,6,1.6.0
20260520,4,RMSEMins,11.6531,14.00,0,0.0227,304,31,0.374,6,1.4.0
20260520,5,AUC,0.8080,0.79,0,0.0336,124,191,0.780,5,1.2.0
20260520,6,Precision,0.7332,0.71,0,0.0756,138,83,0.708,3,2.0.0
20260520,7,MacroF1,0.8824,0.85,0,0.0859,58,320,0.319,4,1.1.0
20260520,8,AUC,0.7652,0.74,0,0.0865,428,38,0.583,6,1.0.0
20260521,1,MAPE,8.9457,12.00,0,0.0359,202,218,0.556,67,2.3.0
20260521,2,NDCG@5,0.8001,0.82,1,0.0689,1656,38,0.557,5,3.1.0
20260521,3,QuoteAcceptRate,0.6850,0.62,0,0.0386,374,62,0.334,0,1.6.0
20260521,4,RMSEMins,11.6873,14.00,0,0.1010,317,40,0.480,0,1.4.0
20260521,5,AUC,0.8069,0.79,0,0.0695,130,159,0.847,6,1.2.0
20260521,6,Precision,0.7494,0.71,0,0.1021,144,62,0.674,4,2.0.0
20260521,7,MacroF1,0.8843,0.85,0,0.0487,60,377,0.603,5,1.1.0
20260521,8,AUC,0.7614,0.74,0,0.0321,446,38,0.775,0,1.0.0
20260522,1,MAPE,7.9879,12.00,0,0.0451,172,203,0.346,68,2.3.0
20260522,2,NDCG@5,0.8066,0.82,1,0.0359,1414,59,0.223,6,3.1.0
20260522,3,QuoteAcceptRate,0.6465,0.62,0,0.0946,320,66,0.297,1,1.6.0
20260522,4,RMSEMins,11.5628,14.00,0,0.0597,271,39,0.829,1,1.4.0
20260522,5,AUC,0.8432,0.79,0,0.0470,111,132,0.780,0,1.2.0
20260522,6,Precision,0.7279,0.71,0,0.0526,123,66,0.625,5,2.0.0
20260522,7,MacroF1,0.8774,0.85,0,0.0726,52,310,0.544,6,1.1.0
20260522,8,AUC,0.7686,0.74,0,0.1055,381,52,0.471,1,1.0.0
20260523,1,MAPE,9.0342,12.00,0,0.0391,267,207,0.648,69,2.3.0
20260523,2,NDCG@5,0.8145,0.82,1,0.0730,2196,47,0.794,0,3.1.0
20260523,3,QuoteAcceptRate,0.6421,0.62,0,0.0287,497,59,0.381,2,1.6.0
20260523,4,RMSEMins,12.5082,14.00,0,0.1048,420,46,0.833,2,1.4.0
20260523,5,AUC,0.8229,0.79,0,0.0481,172,181,0.749,1,1.2.0
20260523,6,Precision,0.7303,0.71,0,0.0620,191,77,0.317,6,2.0.0
20260523,7,MacroF1,0.8961,0.85,0,0.0643,80,345,0.429,0,1.1.0
20260523,8,AUC,0.7524,0.74,0,0.0905,592,49,0.727,2,1.0.0
20260524,1,MAPE,9.1016,12.00,0,0.0371,260,162,0.738,70,2.3.0
20260524,2,NDCG@5,0.8117,0.82,1,0.0367,2139,58,0.523,1,3.1.0
20260524,3,QuoteAcceptRate,0.6419,0.62,0,0.0201,484,77,0.420,3,1.6.0
20260524,4,RMSEMins,12.1762,14.00,0,0.0676,409,42,0.329,3,1.4.0
20260524,5,AUC,0.8447,0.79,0,0.1049,167,174,0.639,2,1.2.0
20260524,6,Precision,0.7483,0.71,0,0.0354,186,69,0.656,0,2.0.0
20260524,7,MacroF1,0.8776,0.85,0,0.0528,78,330,0.347,1,1.1.0
20260524,8,AUC,0.7625,0.74,0,0.1075,577,46,0.846,3,1.0.0
20260525,1,MAPE,9.5954,12.00,0,0.0585,211,212,0.534,71,2.3.0
20260525,2,NDCG@5,0.8153,0.82,1,0.0702,1736,42,0.622,2,3.1.0
20260525,3,QuoteAcceptRate,0.6417,0.62,0,0.0689,393,77,0.804,4,1.6.0
20260525,4,RMSEMins,11.8195,14.00,0,0.0295,332,47,0.641,4,1.4.0
20260525,5,AUC,0.8155,0.79,0,0.0563,136,182,0.553,3,1.2.0
20260525,6,Precision,0.7510,0.71,0,0.0399,151,62,0.798,1,2.0.0
20260525,7,MacroF1,0.8800,0.85,0,0.0365,63,318,0.571,2,1.1.0
20260525,8,AUC,0.7644,0.74,0,0.1062,468,45,0.688,4,1.0.0
20260526,1,MAPE,9.5702,12.00,0,0.0732,197,197,0.769,72,2.3.0
20260526,2,NDCG@5,0.7971,0.82,1,0.0637,1622,62,0.256,3,3.1.0
20260526,3,QuoteAcceptRate,0.6644,0.62,0,0.0445,367,60,0.677,5,1.6.0
20260526,4,RMSEMins,12.2644,14.00,0,0.0691,310,30,0.323,5,1.4.0
20260526,5,AUC,0.8213,0.79,0,0.0826,127,177,0.578,4,1.2.0
20260526,6,Precision,0.7764,0.71,0,0.1060,141,64,0.629,2,2.0.0
20260526,7,MacroF1,0.9026,0.85,0,0.0942,59,359,0.752,3,1.1.0
20260526,8,AUC,0.7650,0.74,0,0.0828,437,50,0.761,5,1.0.0
20260527,1,MAPE,9.2473,12.00,0,0.0507,140,273,0.446,73,2.3.0
20260527,2,NDCG@5,0.8049,0.82,1,0.0528,1150,54,0.799,4,3.1.0
20260527,3,QuoteAcceptRate,0.6644,0.62,0,0.0744,260,56,0.828,6,1.6.0
20260527,4,RMSEMins,12.6954,14.00,0,0.1053,220,43,0.775,6,1.4.0
20260527,5,AUC,0.8329,0.79,0,0.0202,90,170,0.520,5,1.2.0
20260527,6,Precision,0.7196,0.71,0,0.0469,100,70,0.332,3,2.0.0
20260527,7,MacroF1,0.8988,0.85,0,0.1003,42,344,0.752,4,1.1.0
20260527,8,AUC,0.7870,0.74,0,0.0714,310,38,0.283,6,1.0.0
20260528,1,MAPE,9.2706,12.00,0,0.0476,182,266,0.818,74,2.3.0
20260528,2,NDCG@5,0.8060,0.82,1,0.0641,1495,56,0.622,5,3.1.0
20260528,3,QuoteAcceptRate,0.6773,0.62,0,0.0672,338,71,0.637,0,1.6.0
20260528,4,RMSEMins,12.9183,14.00,0,0.0266,286,34,0.588,0,1.4.0
20260528,5,AUC,0.8209,0.79,0,0.0797,117,158,0.817,6,1.2.0
20260528,6,Precision,0.7145,0.71,0,0.0228,130,76,0.374,4,2.0.0
20260528,7,MacroF1,0.8800,0.85,0,0.0234,55,311,0.416,5,1.1.0
20260528,8,AUC,0.7814,0.74,0,0.0204,403,45,0.825,0,1.0.0
20260529,1,MAPE,8.7955,12.00,0,0.0643,151,200,0.459,75,2.3.0
20260529,2,NDCG@5,0.8094,0.82,1,0.0680,1242,51,0.787,6,3.1.0
20260529,3,QuoteAcceptRate,0.6910,0.62,0,0.1073,281,64,0.467,1,1.6.0
20260529,4,RMSEMins,13.0256,14.00,0,0.0670,238,40,0.551,1,1.4.0
20260529,5,AUC,0.8110,0.79,0,0.0737,97,163,0.550,0,1.2.0
20260529,6,Precision,0.7376,0.71,0,0.0999,108,76,0.373,5,2.0.0
20260529,7,MacroF1,0.8967,0.85,0,0.0473,45,357,0.658,6,1.1.0
20260529,8,AUC,0.7533,0.74,0,0.0629,335,47,0.474,1,1.0.0
20260530,1,MAPE,8.2407,12.00,0,0.0539,228,194,0.280,76,2.3.0
20260530,2,NDCG@5,0.8044,0.82,1,0.0626,1874,54,0.324,0,3.1.0
20260530,3,QuoteAcceptRate,0.6503,0.62,0,0.0234,424,56,0.210,2,1.6.0
20260530,4,RMSEMins,13.6432,14.00,0,0.0996,359,34,0.237,2,1.4.0
20260530,5,AUC,0.8308,0.79,0,0.0665,147,147,0.507,1,1.2.0
20260530,6,Precision,0.7252,0.71,0,0.0502,163,73,0.667,6,2.0.0
20260530,7,MacroF1,0.8607,0.85,0,0.1033,68,432,0.751,0,1.1.0
20260530,8,AUC,0.8023,0.74,0,0.0992,505,40,0.449,2,1.0.0
20260531,1,MAPE,9.6567,12.00,0,0.0646,239,270,0.714,77,2.3.0
20260531,2,NDCG@5,0.8168,0.82,1,0.0310,1966,48,0.524,1,3.1.0
20260531,3,QuoteAcceptRate,0.6840,0.62,0,0.0932,445,48,0.606,3,1.6.0
20260531,4,RMSEMins,11.9572,14.00,0,0.0540,376,40,0.384,3,1.4.0
20260531,5,AUC,0.8021,0.79,0,0.0620,154,146,0.618,2,1.2.0
20260531,6,Precision,0.7820,0.71,0,0.0992,171,72,0.486,0,2.0.0
20260531,7,MacroF1,0.8893,0.85,0,0.0683,72,369,0.564,1,1.1.0
20260531,8,AUC,0.7128,0.74,1,0.0853,530,34,0.250,3,1.0.0
20260601,1,MAPE,9.2444,12.00,0,0.0750,223,180,1.743,78,2.3.0
20260601,2,NDCG@5,0.8059,0.82,1,0.0214,1828,48,0.642,2,3.1.0
20260601,3,QuoteAcceptRate,0.6817,0.62,0,0.0998,413,66,0.358,4,1.6.0
20260601,4,RMSEMins,13.3136,14.00,0,0.0646,350,43,0.567,4,1.4.0
20260601,5,AUC,0.8149,0.79,0,0.0630,143,153,0.216,3,1.2.0
20260601,6,Precision,0.7331,0.71,0,0.0855,159,56,0.277,1,2.0.0
20260601,7,MacroF1,0.8917,0.85,0,0.0532,67,325,0.571,2,1.1.0
20260601,8,AUC,0.7843,0.74,0,0.0564,493,50,0.581,4,1.0.0
20260602,1,MAPE,9.3756,12.00,0,0.0875,217,188,2.079,79,2.3.0
20260602,2,NDCG@5,0.8083,0.82,1,0.0768,1782,50,0.586,3,3.1.0
20260602,3,QuoteAcceptRate,0.6357,0.62,0,0.0793,403,56,0.457,5,1.6.0
20260602,4,RMSEMins,12.0899,14.00,0,0.0765,341,38,0.517,5,1.4.0
20260602,5,AUC,0.8354,0.79,0,0.0340,140,156,0.386,4,1.2.0
20260602,6,Precision,0.7620,0.71,0,0.0689,155,63,0.439,2,2.0.0
20260602,7,MacroF1,0.8920,0.85,0,0.0495,65,338,0.525,3,1.1.0
20260602,8,AUC,0.7691,0.74,0,0.0772,480,43,0.305,5,1.0.0
20260603,1,MAPE,10.3311,12.00,0,0.1000,168,204,2.203,80,2.3.0
20260603,2,NDCG@5,0.8153,0.82,1,0.0365,1380,36,0.393,4,3.1.0
20260603,3,QuoteAcceptRate,0.6332,0.62,0,0.0208,312,55,0.663,6,1.6.0
20260603,4,RMSEMins,12.6079,14.00,0,0.0968,264,42,0.462,6,1.4.0
20260603,5,AUC,0.8379,0.79,0,0.0694,108,182,0.557,5,1.2.0
20260603,6,Precision,0.7480,0.71,0,0.0644,120,59,0.534,3,2.0.0
20260603,7,MacroF1,0.8750,0.85,0,0.0566,50,380,0.665,4,1.1.0
20260603,8,AUC,0.7625,0.74,0,0.0432,372,43,0.218,6,1.0.0
20260604,1,MAPE,10.6714,12.00,0,0.1125,227,205,3.058,81,2.3.0
20260604,2,NDCG@5,0.8108,0.82,1,0.0862,1863,60,0.264,5,3.1.0
20260604,3,QuoteAcceptRate,0.6810,0.62,0,0.0642,421,71,0.334,0,1.6.0
20260604,4,RMSEMins,12.4998,14.00,0,0.0570,356,40,0.733,0,1.4.0
20260604,5,AUC,0.8095,0.79,0,0.0733,146,163,0.451,6,1.2.0
20260604,6,Precision,0.7371,0.71,0,0.0686,162,76,0.240,4,2.0.0
20260604,7,MacroF1,0.8652,0.85,0,0.1027,68,324,0.448,5,1.1.0
20260604,8,AUC,0.7761,0.74,0,0.0685,502,37,0.811,0,1.0.0
20260605,1,MAPE,12.5422,12.00,1,0.1250,193,226,3.048,82,2.3.0
20260605,2,NDCG@5,0.8201,0.82,0,0.0369,1587,45,0.585,6,3.1.0
20260605,3,QuoteAcceptRate,0.6331,0.62,0,0.0610,359,57,0.523,1,1.6.0
20260605,4,RMSEMins,11.5386,14.00,0,0.0386,304,38,0.254,1,1.4.0
20260605,5,AUC,0.8292,0.79,0,0.0380,124,140,0.806,0,1.2.0
20260605,6,Precision,0.7487,0.71,0,0.0724,138,53,0.410,5,2.0.0
20260605,7,MacroF1,0.9080,0.85,0,0.0201,58,313,0.841,6,1.1.0
20260605,8,AUC,0.7568,0.74,0,0.0619,428,54,0.412,1,1.0.0
20260606,1,MAPE,11.3879,12.00,0,0.1375,276,176,2.958,83,2.3.0
20260606,2,NDCG@5,0.8181,0.82,1,0.0895,2266,43,0.323,0,3.1.0
20260606,3,QuoteAcceptRate,0.6989,0.62,0,0.1013,512,73,0.348,2,1.6.0
20260606,4,RMSEMins,11.5734,14.00,0,0.0559,433,40,0.535,2,1.4.0
20260606,5,AUC,0.8184,0.79,0,0.0873,177,134,0.378,1,1.2.0
20260606,6,Precision,0.7358,0.71,0,0.0656,197,79,0.661,6,2.0.0
20260606,7,MacroF1,0.8884,0.85,0,0.1099,83,324,0.745,0,1.1.0
20260606,8,AUC,0.7891,0.74,0,0.0837,611,42,0.562,2,1.0.0
20260607,1,MAPE,12.3612,12.00,1,0.1500,276,177,3.114,84,2.3.0
20260607,2,NDCG@5,0.8063,0.82,1,0.0614,2266,38,0.455,1,3.1.0
20260607,3,QuoteAcceptRate,0.6696,0.62,0,0.1006,512,59,0.579,3,1.6.0
20260607,4,RMSEMins,12.8038,14.00,0,0.0957,433,39,0.657,3,1.4.0
20260607,5,AUC,0.8275,0.79,0,0.0497,177,154,0.288,2,1.2.0
20260607,6,Precision,0.7502,0.71,0,0.0829,197,75,0.678,0,2.0.0
20260607,7,MacroF1,0.8675,0.85,0,0.0858,83,332,0.405,1,1.1.0
20260607,8,AUC,0.7862,0.74,0,0.0386,611,45,0.724,3,1.0.0
20260608,1,MAPE,12.7569,12.00,1,0.1625,195,194,3.045,85,2.3.0
20260608,2,NDCG@5,0.7945,0.82,1,0.0800,1598,40,0.431,2,3.1.0
20260608,3,QuoteAcceptRate,0.6710,0.62,0,0.0346,361,67,0.434,4,1.6.0
20260608,4,RMSEMins,11.8832,14.00,0,0.0609,306,44,0.274,4,1.4.0
20260608,5,AUC,0.8358,0.79,0,0.0450,125,136,0.544,3,1.2.0
20260608,6,Precision,0.7323,0.71,0,0.0355,139,59,0.406,1,2.0.0
20260608,7,MacroF1,0.8724,0.85,0,0.0517,58,422,0.354,2,1.1.0
20260608,8,AUC,0.7438,0.74,0,0.0270,431,39,0.242,4,1.0.0
20260609,1,MAPE,15.0136,12.00,1,0.1750,165,172,2.939,86,2.3.0
20260609,2,NDCG@5,0.8103,0.82,1,0.0388,1357,45,0.779,3,3.1.0
20260609,3,QuoteAcceptRate,0.6502,0.62,0,0.0624,307,56,0.575,5,1.6.0
20260609,4,RMSEMins,14.1831,14.00,1,0.0571,260,37,0.646,5,1.4.0
20260609,5,AUC,0.8220,0.79,0,0.0822,106,161,0.440,4,1.2.0
20260609,6,Precision,0.7066,0.71,1,0.0268,118,82,0.201,2,2.0.0
20260609,7,MacroF1,0.9062,0.85,0,0.0278,50,403,0.604,3,1.1.0
20260609,8,AUC,0.7812,0.74,0,0.0742,366,39,0.738,5,1.0.0
20260610,1,MAPE,15.1204,12.00,1,0.1875,162,203,2.316,87,2.3.0
20260610,2,NDCG@5,0.8116,0.82,1,0.0495,1334,47,0.740,4,3.1.0
20260610,3,QuoteAcceptRate,0.6426,0.62,0,0.0453,302,57,0.811,6,1.6.0
20260610,4,RMSEMins,11.8969,14.00,0,0.1021,255,45,0.600,6,1.4.0
20260610,5,AUC,0.8165,0.79,0,0.0301,104,144,0.606,5,1.2.0
20260610,6,Precision,0.7667,0.71,0,0.0409,116,67,0.700,3,2.0.0
20260610,7,MacroF1,0.8962,0.85,0,0.0502,49,325,0.511,4,1.1.0
20260610,8,AUC,0.7733,0.74,0,0.0883,360,51,0.665,6,1.0.0
20260611,1,MAPE,14.6850,12.00,1,0.2000,193,189,2.817,88,2.3.0
20260611,2,NDCG@5,0.7983,0.82,1,0.0664,1587,45,0.495,5,3.1.0
20260611,3,QuoteAcceptRate,0.6553,0.62,0,0.0748,359,60,0.694,0,1.6.0
20260611,4,RMSEMins,12.4904,14.00,0,0.0257,304,44,0.802,0,1.4.0
20260611,5,AUC,0.8145,0.79,0,0.0843,124,177,0.660,6,1.2.0
20260611,6,Precision,0.7704,0.71,0,0.0436,138,83,0.693,4,2.0.0
20260611,7,MacroF1,0.8725,0.85,0,0.0731,58,309,0.549,5,1.1.0
20260611,8,AUC,0.7656,0.74,0,0.0730,428,49,0.201,0,1.0.0
20260612,1,MAPE,16.1933,12.00,1,0.2125,174,232,3.303,89,2.3.0
20260612,2,NDCG@5,0.7967,0.82,1,0.0572,1426,50,0.828,6,3.1.0
20260612,3,QuoteAcceptRate,0.6412,0.62,0,0.0833,322,63,0.266,1,1.6.0
20260612,4,RMSEMins,13.0121,14.00,0,0.0935,273,44,0.559,1,1.4.0
20260612,5,AUC,0.8267,0.79,0,0.0243,112,154,0.330,0,1.2.0
20260612,6,Precision,0.7745,0.71,0,0.0260,124,71,0.825,5,2.0.0
20260612,7,MacroF1,0.8735,0.85,0,0.1093,52,338,0.237,6,1.1.0
20260612,8,AUC,0.7564,0.74,0,0.0782,384,49,0.244,1,1.0.0
20260613,1,MAPE,17.6765,12.00,1,0.2250,279,158,1.663,90,2.3.0
20260613,2,NDCG@5,0.8254,0.82,0,0.0803,2288,44,0.763,0,3.1.0
20260613,3,QuoteAcceptRate,0.6885,0.62,0,0.0808,517,53,0.310,2,1.6.0
20260613,4,RMSEMins,11.5036,14.00,0,0.0512,438,28,0.556,2,1.4.0
20260613,5,AUC,0.8187,0.79,0,0.1003,179,137,0.647,1,1.2.0
20260613,6,Precision,0.7304,0.71,0,0.0231,199,64,0.577,6,2.0.0
20260613,7,MacroF1,0.8907,0.85,0,0.0705,84,367,0.247,0,1.1.0
20260613,8,AUC,0.7823,0.74,0,0.0841,617,41,0.795,2,1.0.0
20260614,1,MAPE,17.6015,12.00,1,0.2375,276,210,2.460,91,2.3.0
20260614,2,NDCG@5,0.8260,0.82,0,0.0514,2266,46,0.789,1,3.1.0
20260614,3,QuoteAcceptRate,0.6745,0.62,0,0.0500,512,59,0.462,3,1.6.0
20260614,4,RMSEMins,12.1685,14.00,0,0.0980,433,51,0.430,3,1.4.0
20260614,5,AUC,0.8202,0.79,0,0.0286,177,141,0.288,2,1.2.0
20260614,6,Precision,0.7283,0.71,0,0.0295,197,79,0.825,0,2.0.0
20260614,7,MacroF1,0.8995,0.85,0,0.0422,83,362,0.316,1,1.1.0
20260614,8,AUC,0.7759,0.74,0,0.0432,611,39,0.345,3,1.0.0
20260615,1,MAPE,15.6144,12.00,1,0.3005,218,211,3.239,92,2.3.0
20260615,2,NDCG@5,0.7915,0.82,1,0.0298,1794,58,0.657,2,3.1.0
20260615,3,QuoteAcceptRate,0.6499,0.62,0,0.0603,406,56,0.570,4,1.6.0
20260615,4,RMSEMins,12.3593,14.00,0,0.0524,343,45,0.324,4,1.4.0
20260615,5,AUC,0.8496,0.79,0,0.0801,140,170,0.536,3,1.2.0
20260615,6,Precision,0.7583,0.71,0,0.0318,156,64,0.644,1,2.0.0
20260615,7,MacroF1,0.9075,0.85,0,0.0235,66,292,0.612,2,1.1.0
20260615,8,AUC,0.7930,0.74,0,0.0255,484,44,0.207,4,1.0.0
20260616,1,MAPE,16.3444,12.00,1,0.3203,196,194,1.989,93,2.3.0
20260616,2,NDCG@5,0.7933,0.82,1,0.0409,1610,51,0.504,3,3.1.0
20260616,3,QuoteAcceptRate,0.6627,0.62,0,0.0322,364,64,0.232,5,1.6.0
20260616,4,RMSEMins,12.5013,14.00,0,0.0257,308,41,0.847,5,1.4.0
20260616,5,AUC,0.8252,0.79,0,0.0339,126,139,0.240,4,1.2.0
20260616,6,Precision,0.7562,0.71,0,0.0947,140,65,0.588,2,2.0.0
20260616,7,MacroF1,0.8778,0.85,0,0.0298,59,332,0.590,3,1.1.0
20260616,8,AUC,0.7540,0.74,0,0.0552,434,46,0.277,5,1.0.0
20260617,1,MAPE,18.6580,12.00,1,0.3142,189,191,2.848,94,2.3.0
20260617,2,NDCG@5,0.8161,0.82,1,0.0734,1552,38,0.390,4,3.1.0
20260617,3,QuoteAcceptRate,0.6923,0.62,0,0.0410,351,66,0.239,6,1.6.0
20260617,4,RMSEMins,12.7922,14.00,0,0.0526,297,34,0.687,6,1.4.0
20260617,5,AUC,0.8225,0.79,0,0.0316,122,145,0.796,5,1.2.0
20260617,6,Precision,0.6958,0.71,1,0.0737,135,79,0.747,3,2.0.0
20260617,7,MacroF1,0.9006,0.85,0,0.0362,57,356,0.549,4,1.1.0
20260617,8,AUC,0.7895,0.74,0,0.0868,418,44,0.328,6,1.0.0
20260618,1,MAPE,19.5926,12.00,1,0.3703,206,235,2.105,95,2.3.0
20260618,2,NDCG@5,0.8273,0.82,0,0.0917,1690,37,0.329,5,3.1.0
20260618,3,QuoteAcceptRate,0.6796,0.62,0,0.0228,382,52,0.423,0,1.6.0
20260618,4,RMSEMins,12.1007,14.00,0,0.0215,323,49,0.762,0,1.4.0
20260618,5,AUC,0.8346,0.79,0,0.0861,132,146,0.528,6,1.2.0
20260618,6,Precision,0.7341,0.71,0,0.0676,147,65,0.232,4,2.0.0
20260618,7,MacroF1,0.8718,0.85,0,0.0350,62,383,0.514,5,1.1.0
20260618,8,AUC,0.7927,0.74,0,0.0690,456,53,0.695,0,1.0.0
20260619,1,MAPE,19.3896,12.00,1,0.3889,218,241,1.686,96,2.3.0
20260619,2,NDCG@5,0.8083,0.82,1,0.0270,1794,53,0.351,6,3.1.0
20260619,3,QuoteAcceptRate,0.6596,0.62,0,0.0746,406,75,0.717,1,1.6.0
20260619,4,RMSEMins,13.1277,14.00,0,0.0711,343,38,0.727,1,1.4.0
20260619,5,AUC,0.8345,0.79,0,0.0686,140,170,0.671,0,1.2.0
20260619,6,Precision,0.7550,0.71,0,0.0646,156,81,0.755,5,2.0.0
20260619,7,MacroF1,0.8571,0.85,0,0.0688,66,337,0.423,6,1.1.0
20260619,8,AUC,0.7953,0.74,0,0.0766,484,50,0.658,1,1.0.0
20260620,1,MAPE,19.7207,12.00,1,0.3237,295,161,2.156,97,2.3.0
20260620,2,NDCG@5,0.8105,0.82,1,0.0489,2426,47,0.771,0,3.1.0
20260620,3,QuoteAcceptRate,0.6447,0.62,0,0.1074,549,61,0.262,2,1.6.0
20260620,4,RMSEMins,13.4698,14.00,0,0.0460,464,34,0.556,2,1.4.0
20260620,5,AUC,0.8242,0.79,0,0.0981,190,134,0.320,1,1.2.0
20260620,6,Precision,0.7188,0.71,0,0.0824,211,92,0.322,6,2.0.0
20260620,7,MacroF1,0.8967,0.85,0,0.0216,89,299,0.352,0,1.1.0
20260620,8,AUC,0.8082,0.74,0,0.0501,654,39,0.548,2,1.0.0
20260621,1,MAPE,18.1990,12.00,1,0.3550,251,175,1.817,98,2.3.0
20260621,2,NDCG@5,0.8026,0.82,1,0.0259,2058,42,0.678,1,3.1.0
20260621,3,QuoteAcceptRate,0.6451,0.62,0,0.0368,465,52,0.519,3,1.6.0
20260621,4,RMSEMins,13.0418,14.00,0,0.0887,394,39,0.622,3,1.4.0
20260621,5,AUC,0.8209,0.79,0,0.0768,161,147,0.791,2,1.2.0
20260621,6,Precision,0.7542,0.71,0,0.0975,179,80,0.268,0,2.0.0
20260621,7,MacroF1,0.8710,0.85,0,0.0860,75,313,0.244,1,1.1.0
20260621,8,AUC,0.7804,0.74,0,0.0224,555,45,0.431,3,1.0.0
20260622,1,MAPE,18.7106,12.00,1,0.3210,195,203,2.241,99,2.3.0
20260622,2,NDCG@5,0.8072,0.82,1,0.0413,1598,45,0.797,2,3.1.0
20260622,3,QuoteAcceptRate,0.6914,0.62,0,0.0491,361,57,0.252,4,1.6.0
20260622,4,RMSEMins,12.5530,14.00,0,0.0656,306,41,0.845,4,1.4.0
20260622,5,AUC,0.8124,0.79,0,0.0675,125,184,0.727,3,1.2.0
20260622,6,Precision,0.7096,0.71,1,0.0303,139,74,0.350,1,2.0.0
20260622,7,MacroF1,0.8802,0.85,0,0.0418,58,268,0.449,2,1.1.0
20260622,8,AUC,0.7917,0.74,0,0.0967,431,46,0.524,4,1.0.0
20260623,1,MAPE,19.3972,12.00,1,0.2851,172,246,1.838,100,2.3.0
20260623,2,NDCG@5,0.8314,0.82,0,0.0477,1414,55,0.828,3,3.1.0
20260623,3,QuoteAcceptRate,0.6552,0.62,0,0.0657,320,58,0.422,5,1.6.0
20260623,4,RMSEMins,13.9429,14.00,0,0.0806,271,36,0.370,5,1.4.0
20260623,5,AUC,0.8245,0.79,0,0.0228,111,155,0.212,4,1.2.0
20260623,6,Precision,0.7420,0.71,0,0.0264,123,63,0.572,2,2.0.0
20260623,7,MacroF1,0.8842,0.85,0,0.1052,52,334,0.459,3,1.1.0
20260623,8,AUC,0.7815,0.74,0,0.0282,381,48,0.403,5,1.0.0
20260624,1,MAPE,18.7890,12.00,1,0.3364,186,200,2.472,101,2.3.0
20260624,2,NDCG@5,0.8082,0.82,1,0.0429,1530,57,0.817,4,3.1.0
20260624,3,QuoteAcceptRate,0.6733,0.62,0,0.0317,346,65,0.295,6,1.6.0
20260624,4,RMSEMins,12.7415,14.00,0,0.0831,293,40,0.267,6,1.4.0
20260624,5,AUC,0.8317,0.79,0,0.0790,120,137,0.683,5,1.2.0
20260624,6,Precision,0.7301,0.71,0,0.1006,133,56,0.246,3,2.0.0
20260624,7,MacroF1,0.8977,0.85,0,0.0333,56,318,0.295,4,1.1.0
20260624,8,AUC,0.7699,0.74,0,0.0476,412,40,0.379,6,1.0.0
20260625,1,MAPE,19.6810,12.00,1,0.3447,182,227,1.958,102,2.3.0
20260625,2,NDCG@5,0.8116,0.82,1,0.0953,1495,53,0.533,5,3.1.0
20260625,3,QuoteAcceptRate,0.6896,0.62,0,0.0220,338,55,0.753,0,1.6.0
20260625,4,RMSEMins,12.1869,14.00,0,0.0629,286,34,0.597,0,1.4.0
20260625,5,AUC,0.8196,0.79,0,0.0323,117,153,0.208,6,1.2.0
20260625,6,Precision,0.7478,0.71,0,0.0835,130,65,0.523,4,2.0.0
20260625,7,MacroF1,0.9003,0.85,0,0.0845,55,278,0.625,5,1.1.0
20260625,8,AUC,0.7629,0.74,0,0.0403,403,42,0.418,0,1.0.0
20260626,1,MAPE,18.8425,12.00,1,0.3765,197,197,3.303,103,2.3.0
20260626,2,NDCG@5,0.8031,0.82,1,0.0740,1622,46,0.682,6,3.1.0
20260626,3,QuoteAcceptRate,0.6742,0.62,0,0.0710,367,65,0.376,1,1.6.0
20260626,4,RMSEMins,12.5900,14.00,0,0.0947,310,36,0.650,1,1.4.0
20260626,5,AUC,0.8414,0.79,0,0.0668,127,161,0.216,0,1.2.0
20260626,6,Precision,0.7006,0.71,1,0.0868,141,65,0.343,5,2.0.0
20260626,7,MacroF1,0.8674,0.85,0,0.0307,59,313,0.360,6,1.1.0
20260626,8,AUC,0.7566,0.74,0,0.1011,437,34,0.803,1,1.0.0
20260627,1,MAPE,19.5449,12.00,1,0.2874,283,249,2.338,104,2.3.0
20260627,2,NDCG@5,0.8120,0.82,1,0.1094,2323,55,0.803,0,3.1.0
20260627,3,QuoteAcceptRate,0.6858,0.62,0,0.0203,525,50,0.449,2,1.6.0
20260627,4,RMSEMins,12.3563,14.00,0,0.0252,444,32,0.391,2,1.4.0
20260627,5,AUC,0.8450,0.79,0,0.0623,182,149,0.486,1,1.2.0
20260627,6,Precision,0.7321,0.71,0,0.0970,202,65,0.315,6,2.0.0
20260627,7,MacroF1,0.8929,0.85,0,0.0207,85,263,0.837,0,1.1.0
20260627,8,AUC,0.7763,0.74,0,0.0888,626,33,0.716,2,1.0.0
20260628,1,MAPE,18.2593,12.00,1,0.3529,262,227,3.296,105,2.3.0
20260628,2,NDCG@5,0.8161,0.82,1,0.1080,2150,46,0.277,1,3.1.0
20260628,3,QuoteAcceptRate,0.6587,0.62,0,0.0499,486,81,0.294,3,1.6.0
20260628,4,RMSEMins,13.2748,14.00,0,0.0856,411,34,0.708,3,1.4.0
20260628,5,AUC,0.8296,0.79,0,0.0953,168,149,0.814,2,1.2.0
20260628,6,Precision,0.7571,0.71,0,0.0972,187,59,0.244,0,2.0.0
20260628,7,MacroF1,0.8848,0.85,0,0.0995,79,422,0.659,1,1.1.0
20260628,8,AUC,0.7726,0.74,0,0.0948,580,43,0.687,3,1.0.0
20260629,1,MAPE,18.8199,12.00,1,0.2704,175,216,2.212,106,2.3.0
20260629,2,NDCG@5,0.7907,0.82,1,0.0785,1438,41,0.413,2,3.1.0
20260629,3,QuoteAcceptRate,0.6453,0.62,0,0.0577,325,52,0.592,4,1.6.0
20260629,4,RMSEMins,12.5977,14.00,0,0.0631,275,47,0.232,4,1.4.0
20260629,5,AUC,0.8396,0.79,0,0.0206,112,133,0.475,3,1.2.0
20260629,6,Precision,0.7435,0.71,0,0.0277,125,78,0.754,1,2.0.0
20260629,7,MacroF1,0.9101,0.85,0,0.0962,52,345,0.631,2,1.1.0
20260629,8,AUC,0.7903,0.74,0,0.0587,388,47,0.335,4,1.0.0
20260630,1,MAPE,19.5573,12.00,1,0.3331,158,194,1.776,107,2.3.0
20260630,2,NDCG@5,0.7956,0.82,1,0.0455,1300,50,0.806,3,3.1.0
20260630,3,QuoteAcceptRate,0.6811,0.62,0,0.1090,294,54,0.602,5,1.6.0
20260630,4,RMSEMins,13.7808,14.00,0,0.0829,249,46,0.491,5,1.4.0
20260630,5,AUC,0.8324,0.79,0,0.0663,102,142,0.317,4,1.2.0
20260630,6,Precision,0.7261,0.71,0,0.0692,113,71,0.672,2,2.0.0
20260630,7,MacroF1,0.8925,0.85,0,0.0651,47,403,0.596,3,1.1.0
20260630,8,AUC,0.7647,0.74,0,0.0597,350,44,0.421,5,1.0.0
20260701,1,MAPE,18.2591,12.00,1,0.3397,223,240,2.624,108,2.3.0
20260701,2,NDCG@5,0.8091,0.82,1,0.0693,1828,56,0.502,4,3.1.0
20260701,3,QuoteAcceptRate,0.6843,0.62,0,0.0474,413,64,0.356,6,1.6.0
20260701,4,RMSEMins,12.3732,14.00,0,0.0493,350,39,0.707,6,1.4.0
20260701,5,AUC,0.8107,0.79,0,0.0428,143,120,0.247,5,1.2.0
20260701,6,Precision,0.7667,0.71,0,0.1032,159,73,0.711,3,2.0.0
20260701,7,MacroF1,0.8801,0.85,0,0.0433,67,403,0.453,4,1.1.0
20260701,8,AUC,0.7197,0.74,1,0.1003,493,49,0.463,6,1.0.0
20260702,1,MAPE,19.9991,12.00,1,0.2846,217,251,2.451,109,2.3.0
20260702,2,NDCG@5,0.8008,0.82,1,0.0388,1782,59,0.351,5,3.1.0
20260702,3,QuoteAcceptRate,0.6437,0.62,0,0.0976,403,52,0.245,0,1.6.0
20260702,4,RMSEMins,11.4927,14.00,0,0.0689,341,43,0.769,0,1.4.0
20260702,5,AUC,0.8254,0.79,0,0.0372,140,189,0.509,6,1.2.0
20260702,6,Precision,0.7648,0.71,0,0.0581,155,85,0.470,4,2.0.0
20260702,7,MacroF1,0.8920,0.85,0,0.0977,65,343,0.799,5,1.1.0
20260702,8,AUC,0.7807,0.74,0,0.1022,480,46,0.600,0,1.0.0
20260703,1,MAPE,20.6480,12.00,1,0.3378,232,231,2.471,110,2.3.0
20260703,2,NDCG@5,0.8033,0.82,1,0.0787,1909,46,0.639,6,3.1.0
20260703,3,QuoteAcceptRate,0.6646,0.62,0,0.0863,432,66,0.750,1,1.6.0
20260703,4,RMSEMins,12.8083,14.00,0,0.0267,365,39,0.352,1,1.4.0
20260703,5,AUC,0.8112,0.79,0,0.0939,149,157,0.739,0,1.2.0
20260703,6,Precision,0.7431,0.71,0,0.0796,166,76,0.685,5,2.0.0
20260703,7,MacroF1,0.8747,0.85,0,0.0356,70,337,0.789,6,1.1.0
20260703,8,AUC,0.7785,0.74,0,0.0204,515,46,0.567,1,1.0.0
20260704,1,MAPE,17.7016,12.00,1,0.2763,295,195,3.375,111,2.3.0
20260704,2,NDCG@5,0.7953,0.82,1,0.0900,2426,57,0.486,0,3.1.0
20260704,3,QuoteAcceptRate,0.6554,0.62,0,0.0789,549,63,0.580,2,1.6.0
20260704,4,RMSEMins,12.3579,14.00,0,0.0836,464,35,0.419,2,1.4.0
20260704,5,AUC,0.8404,0.79,0,0.0316,190,136,0.602,1,1.2.0
20260704,6,Precision,0.7457,0.71,0,0.0933,211,54,0.489,6,2.0.0
20260704,7,MacroF1,0.8772,0.85,0,0.0996,89,353,0.340,0,1.1.0
20260704,8,AUC,0.7554,0.74,0,0.0956,654,47,0.413,2,1.0.0
20260705,1,MAPE,20.6246,12.00,1,0.3618,298,238,2.020,112,2.3.0
20260705,2,NDCG@5,0.8294,0.82,0,0.0504,2450,42,0.305,1,3.1.0
20260705,3,QuoteAcceptRate,0.7119,0.62,0,0.0848,554,55,0.394,3,1.6.0
20260705,4,RMSEMins,12.6475,14.00,0,0.0374,469,38,0.368,3,1.4.0
20260705,5,AUC,0.8020,0.79,0,0.0711,192,148,0.838,2,1.2.0
20260705,6,Precision,0.7407,0.71,0,0.0826,213,82,0.817,0,2.0.0
20260705,7,MacroF1,0.8968,0.85,0,0.1063,89,412,0.850,1,1.1.0
20260705,8,AUC,0.7829,0.74,0,0.0313,660,46,0.235,3,1.0.0
20260706,1,MAPE,19.6403,12.00,1,0.2845,186,234,2.201,113,2.3.0
20260706,2,NDCG@5,0.8190,0.82,1,0.0273,1530,40,0.561,2,3.1.0
20260706,3,QuoteAcceptRate,0.6595,0.62,0,0.0617,346,56,0.486,4,1.6.0
20260706,4,RMSEMins,13.4765,14.00,0,0.0639,293,40,0.630,4,1.4.0
20260706,5,AUC,0.8267,0.79,0,0.0501,120,145,0.747,3,1.2.0
20260706,6,Precision,0.7300,0.71,0,0.0517,133,65,0.209,1,2.0.0
20260706,7,MacroF1,0.8836,0.85,0,0.0578,56,258,0.519,2,1.1.0
20260706,8,AUC,0.7474,0.74,0,0.0389,412,54,0.291,4,1.0.0
20260707,1,MAPE,19.0894,12.00,1,0.2815,195,236,3.378,114,2.3.0
20260707,2,NDCG@5,0.8117,0.82,1,0.0581,1598,52,0.414,3,3.1.0
20260707,3,QuoteAcceptRate,0.6791,0.62,0,0.0271,361,53,0.206,5,1.6.0
20260707,4,RMSEMins,13.5743,14.00,0,0.0899,306,38,0.378,5,1.4.0
20260707,5,AUC,0.8093,0.79,0,0.0600,125,127,0.216,4,1.2.0
20260707,6,Precision,0.7142,0.71,0,0.0664,139,82,0.691,2,2.0.0
20260707,7,MacroF1,0.8934,0.85,0,0.0844,58,341,0.570,3,1.1.0
20260707,8,AUC,0.7864,0.74,0,0.1047,431,45,0.652,5,1.0.0
20260708,1,MAPE,19.2966,12.00,1,0.2742,224,186,2.110,115,2.3.0
20260708,2,NDCG@5,0.7963,0.82,1,0.0456,1840,35,0.369,4,3.1.0
20260708,3,QuoteAcceptRate,0.6644,0.62,0,0.0706,416,63,0.547,6,1.6.0
20260708,4,RMSEMins,12.5361,14.00,0,0.0200,352,35,0.330,6,1.4.0
20260708,5,AUC,0.8279,0.79,0,0.0920,144,190,0.533,5,1.2.0
20260708,6,Precision,0.7240,0.71,0,0.0947,160,69,0.346,3,2.0.0
20260708,7,MacroF1,0.8882,0.85,0,0.0300,67,334,0.798,4,1.1.0
20260708,8,AUC,0.7953,0.74,0,0.0502,496,38,0.692,6,1.0.0
20260709,1,MAPE,18.3448,12.00,1,0.2679,206,236,2.323,116,2.3.0
20260709,2,NDCG@5,0.8106,0.82,1,0.0723,1690,61,0.560,5,3.1.0
20260709,3,QuoteAcceptRate,0.6777,0.62,0,0.0329,382,58,0.771,0,1.6.0
20260709,4,RMSEMins,13.4994,14.00,0,0.0548,323,37,0.355,0,1.4.0
20260709,5,AUC,0.8244,0.79,0,0.0396,132,144,0.782,6,1.2.0
20260709,6,Precision,0.7279,0.71,0,0.0832,147,88,0.271,4,2.0.0
20260709,7,MacroF1,0.8865,0.85,0,0.0712,62,329,0.207,5,1.1.0
20260709,8,AUC,0.7925,0.74,0,0.0634,456,41,0.248,0,1.0.0
20260710,1,MAPE,21.6044,12.00,1,0.3423,199,202,2.179,117,2.3.0
20260710,2,NDCG@5,0.7965,0.82,1,0.0648,1633,50,0.256,6,3.1.0
20260710,3,QuoteAcceptRate,0.6657,0.62,0,0.0807,369,59,0.643,1,1.6.0
20260710,4,RMSEMins,13.1910,14.00,0,0.0253,312,34,0.801,1,1.4.0
20260710,5,AUC,0.8261,0.79,0,0.0673,128,144,0.643,0,1.2.0
20260710,6,Precision,0.7302,0.71,0,0.0276,142,69,0.587,5,2.0.0
20260710,7,MacroF1,0.8729,0.85,0,0.0588,60,378,0.660,6,1.1.0
20260710,8,AUC,0.7687,0.74,0,0.0801,440,55,0.487,1,1.0.0
20260711,1,MAPE,18.5557,12.00,1,0.2829,262,177,2.794,118,2.3.0
20260711,2,NDCG@5,0.8039,0.82,1,0.0909,2150,51,0.464,0,3.1.0
20260711,3,QuoteAcceptRate,0.6396,0.62,0,0.0991,486,69,0.489,2,1.6.0
20260711,4,RMSEMins,11.3910,14.00,0,0.0900,411,42,0.848,2,1.4.0
20260711,5,AUC,0.8402,0.79,0,0.0690,168,171,0.275,1,1.2.0
20260711,6,Precision,0.7486,0.71,0,0.0758,187,62,0.225,6,2.0.0
20260711,7,MacroF1,0.8813,0.85,0,0.1015,79,320,0.570,0,1.1.0
20260711,8,AUC,0.7639,0.74,0,0.0532,580,44,0.706,2,1.0.0
20260712,1,MAPE,21.5901,12.00,1,0.3265,307,224,2.887,119,2.3.0
20260712,2,NDCG@5,0.8241,0.82,0,0.0280,2518,45,0.220,1,3.1.0
20260712,3,QuoteAcceptRate,0.6507,0.62,0,0.0739,569,60,0.552,3,1.6.0
20260712,4,RMSEMins,12.2850,14.00,0,0.0694,482,36,0.318,3,1.4.0
20260712,5,AUC,0.8273,0.79,0,0.0551,197,136,0.278,2,1.2.0
20260712,6,Precision,0.7669,0.71,0,0.0608,219,72,0.686,0,2.0.0
20260712,7,MacroF1,0.8917,0.85,0,0.0978,92,323,0.482,1,1.1.0
20260712,8,AUC,0.8082,0.74,0,0.0930,679,40,0.376,3,1.0.0
20260713,1,MAPE,18.4621,12.00,1,0.3754,202,165,2.104,120,2.3.0
20260713,2,NDCG@5,0.7996,0.82,1,0.0307,1656,50,0.317,2,3.1.0
20260713,3,QuoteAcceptRate,0.6356,0.62,0,0.0257,374,65,0.293,4,1.6.0
20260713,4,RMSEMins,12.3487,14.00,0,0.0940,317,31,0.250,4,1.4.0
20260713,5,AUC,0.8219,0.79,0,0.0331,130,147,0.609,3,1.2.0
20260713,6,Precision,0.7456,0.71,0,0.0212,144,72,0.367,1,2.0.0
20260713,7,MacroF1,0.8842,0.85,0,0.0686,60,263,0.590,2,1.1.0
20260713,8,AUC,0.7823,0.74,0,0.0849,446,49,0.467,4,1.0.0
20260714,1,MAPE,18.2611,12.00,1,0.2953,220,189,2.556,121,2.3.0
20260714,2,NDCG@5,0.7840,0.82,1,0.0529,1806,44,0.247,3,3.1.0
20260714,3,QuoteAcceptRate,0.6459,0.62,0,0.0735,408,62,0.620,5,1.6.0
20260714,4,RMSEMins,12.9458,14.00,0,0.0840,345,37,0.681,5,1.4.0
20260714,5,AUC,0.8218,0.79,0,0.0402,141,169,0.205,4,1.2.0
20260714,6,Precision,0.7742,0.71,0,0.0571,157,61,0.380,2,2.0.0
20260714,7,MacroF1,0.9108,0.85,0,0.0993,66,329,0.735,3,1.1.0
20260714,8,AUC,0.7731,0.74,0,0.0943,487,50,0.484,5,1.0.0
20260715,1,MAPE,18.3048,12.00,1,0.2829,207,223,2.497,122,2.3.0
20260715,2,NDCG@5,0.7857,0.82,1,0.0544,1702,39,0.738,4,3.1.0
20260715,3,QuoteAcceptRate,0.6905,0.62,0,0.0467,385,65,0.693,6,1.6.0
20260715,4,RMSEMins,11.9648,14.00,0,0.0569,326,44,0.814,6,1.4.0
20260715,5,AUC,0.8043,0.79,0,0.0437,133,146,0.675,5,1.2.0
20260715,6,Precision,0.7657,0.71,0,0.0311,148,70,0.384,3,2.0.0
20260715,7,MacroF1,0.8818,0.85,0,0.0873,62,429,0.274,4,1.1.0
20260715,8,AUC,0.7790,0.74,0,0.0256,459,40,0.644,6,1.0.0
20260716,1,MAPE,19.3888,12.00,1,0.3494,224,189,1.663,123,2.3.0
20260716,2,NDCG@5,0.7982,0.82,1,0.0369,1840,52,0.737,5,3.1.0
20260716,3,QuoteAcceptRate,0.6639,0.62,0,0.0359,416,52,0.406,0,1.6.0
20260716,4,RMSEMins,13.4728,14.00,0,0.0775,352,36,0.218,0,1.4.0
20260716,5,AUC,0.8458,0.79,0,0.0227,144,156,0.571,6,1.2.0
20260716,6,Precision,0.7650,0.71,0,0.0729,160,66,0.639,4,2.0.0
20260716,7,MacroF1,0.8825,0.85,0,0.1009,67,432,0.588,5,1.1.0
20260716,8,AUC,0.7741,0.74,0,0.0789,496,47,0.428,0,1.0.0
20260717,1,MAPE,20.6479,12.00,1,0.3480,206,192,2.688,124,2.3.0
20260717,2,NDCG@5,0.8042,0.82,1,0.0857,1690,45,0.721,6,3.1.0
20260717,3,QuoteAcceptRate,0.6315,0.62,0,0.1085,382,61,0.792,1,1.6.0
20260717,4,RMSEMins,12.5747,14.00,0,0.0990,323,40,0.656,1,1.4.0
20260717,5,AUC,0.8250,0.79,0,0.0832,132,163,0.782,0,1.2.0
20260717,6,Precision,0.7316,0.71,0,0.0969,147,64,0.638,5,2.0.0
20260717,7,MacroF1,0.8869,0.85,0,0.1083,62,279,0.353,6,1.1.0
20260717,8,AUC,0.8032,0.74,0,0.0946,456,46,0.795,1,1.0.0
20260718,1,MAPE,20.0408,12.00,1,0.3521,297,191,3.131,125,2.3.0
20260718,2,NDCG@5,0.8013,0.82,1,0.0686,2438,49,0.259,0,3.1.0
20260718,3,QuoteAcceptRate,0.6588,0.62,0,0.0788,551,63,0.266,2,1.6.0
20260718,4,RMSEMins,13.1128,14.00,0,0.0757,466,36,0.549,2,1.4.0
20260718,5,AUC,0.8324,0.79,0,0.0718,191,193,0.513,1,1.2.0
20260718,6,Precision,0.7701,0.71,0,0.0416,212,74,0.704,6,2.0.0
20260718,7,MacroF1,0.8960,0.85,0,0.0680,89,388,0.580,0,1.1.0
20260718,8,AUC,0.7681,0.74,0,0.0617,657,51,0.324,2,1.0.0
20260719,1,MAPE,18.8493,12.00,1,0.3313,284,185,2.978,126,2.3.0
20260719,2,NDCG@5,0.7301,0.82,1,0.0225,2334,54,0.689,1,3.1.0
20260719,3,QuoteAcceptRate,0.6843,0.62,0,0.0766,528,83,0.347,3,1.6.0
20260719,4,RMSEMins,12.9733,14.00,0,0.0631,447,36,0.210,3,1.4.0
20260719,5,AUC,0.8046,0.79,0,0.0932,183,165,0.713,2,1.2.0
20260719,6,Precision,0.7657,0.71,0,0.0715,203,74,0.612,0,2.0.0
20260719,7,MacroF1,0.8659,0.85,0,0.0877,85,366,0.748,1,1.1.0
20260719,8,AUC,0.7488,0.74,0,0.0338,629,59,0.801,3,1.0.0
20260720,1,MAPE,20.1053,12.00,1,0.0570,206,248,0.549,0,2.4.0
20260720,2,NDCG@5,0.8281,0.82,0,0.0621,1690,50,0.694,2,3.1.0
20260720,3,QuoteAcceptRate,0.6428,0.62,0,0.1045,382,58,0.430,4,1.6.0
20260720,4,RMSEMins,12.3449,14.00,0,0.0331,323,31,0.581,4,1.4.0
20260720,5,AUC,0.8470,0.79,0,0.0797,132,176,0.508,3,1.2.0
20260720,6,Precision,0.7588,0.71,0,0.0621,147,73,0.720,1,2.0.0
20260720,7,MacroF1,0.8759,0.85,0,0.0558,62,292,0.452,2,1.1.0
20260720,8,AUC,0.7679,0.74,0,0.0645,456,34,0.308,4,1.0.0
20260721,1,MAPE,15.4326,12.00,1,0.0482,217,270,0.467,1,2.4.0
20260721,2,NDCG@5,0.8033,0.82,1,0.0214,1782,39,0.406,3,3.1.0
20260721,3,QuoteAcceptRate,0.6542,0.62,0,0.0689,403,64,0.230,5,1.6.0
20260721,4,RMSEMins,12.0392,14.00,0,0.0351,341,35,0.553,5,1.4.0
20260721,5,AUC,0.8316,0.79,0,0.0763,140,176,0.579,4,1.2.0
20260721,6,Precision,0.6917,0.71,1,0.0689,155,75,0.225,2,2.0.0
20260721,7,MacroF1,0.8643,0.85,0,0.0936,65,343,0.526,3,1.1.0
20260721,8,AUC,0.7855,0.74,0,0.0347,480,34,0.632,5,1.0.0
20260722,1,MAPE,16.1354,12.00,1,0.0540,234,202,0.791,2,2.4.0
20260722,2,NDCG@5,0.8110,0.82,1,0.0687,1920,49,0.810,4,3.1.0
20260722,3,QuoteAcceptRate,0.6673,0.62,0,0.0379,434,57,0.813,6,1.6.0
20260722,4,RMSEMins,11.6349,14.00,0,0.0964,367,35,0.441,6,1.4.0
20260722,5,AUC,0.8150,0.79,0,0.0260,150,136,0.235,5,1.2.0
20260722,6,Precision,0.7428,0.71,0,0.0628,167,60,0.846,3,2.0.0
20260722,7,MacroF1,0.8931,0.85,0,0.0218,70,333,0.552,4,1.1.0
20260722,8,AUC,0.7984,0.74,0,0.0745,518,33,0.200,6,1.0.0
20260723,1,MAPE,13.6432,12.00,1,0.0700,183,228,0.637,3,2.4.0
20260723,2,NDCG@5,0.7990,0.82,1,0.1035,1506,44,0.268,5,3.1.0
20260723,3,QuoteAcceptRate,0.7184,0.62,0,0.0695,341,63,0.432,0,1.6.0
20260723,4,RMSEMins,13.3793,14.00,0,0.0636,288,46,0.805,0,1.4.0
20260723,5,AUC,0.7533,0.79,1,0.0975,118,175,0.437,6,1.2.0
20260723,6,Precision,0.7807,0.71,0,0.0591,131,81,0.731,4,2.0.0
20260723,7,MacroF1,0.8601,0.85,0,0.0241,55,296,0.413,5,1.1.0
20260723,8,AUC,0.7916,0.74,0,0.0281,406,45,0.336,0,1.0.0
20260724,1,MAPE,10.9829,12.00,0,0.0557,221,192,0.589,4,2.4.0
20260724,2,NDCG@5,0.8148,0.82,1,0.0696,1817,49,0.618,6,3.1.0
20260724,3,QuoteAcceptRate,0.6603,0.62,0,0.0442,411,62,0.617,1,1.6.0
20260724,4,RMSEMins,12.5367,14.00,0,0.0531,348,42,0.830,1,1.4.0
20260724,5,AUC,0.8283,0.79,0,0.0862,142,147,0.396,0,1.2.0
20260724,6,Precision,0.7413,0.71,0,0.0635,158,74,0.646,5,2.0.0
20260724,7,MacroF1,0.8870,0.85,0,0.0658,66,385,0.798,6,1.1.0
20260724,8,AUC,0.7964,0.74,0,0.0428,490,54,0.633,1,1.0.0
20260725,1,MAPE,10.3095,12.00,0,0.0507,288,198,0.297,5,2.4.0
20260725,2,NDCG@5,0.8012,0.82,1,0.0970,2369,48,0.584,0,3.1.0
20260725,3,QuoteAcceptRate,0.6758,0.62,0,0.0619,536,49,0.407,2,1.6.0
20260725,4,RMSEMins,12.6901,14.00,0,0.0977,453,40,0.846,2,1.4.0
20260725,5,AUC,0.8231,0.79,0,0.0290,185,147,0.772,1,1.2.0
20260725,6,Precision,0.7167,0.71,0,0.0231,206,62,0.458,6,2.0.0
20260725,7,MacroF1,0.8709,0.85,0,0.0223,87,339,0.247,0,1.1.0
20260725,8,AUC,0.7668,0.74,0,0.0398,639,38,0.589,2,1.0.0
20260726,1,MAPE,10.3023,12.00,0,0.0593,287,198,0.745,6,2.4.0
20260726,2,NDCG@5,0.8165,0.82,1,0.0752,2358,51,0.624,1,3.1.0
20260726,3,QuoteAcceptRate,0.6781,0.62,0,0.0451,533,55,0.246,3,1.6.0
20260726,4,RMSEMins,13.1972,14.00,0,0.0669,451,42,0.790,3,1.4.0
20260726,5,AUC,0.8355,0.79,0,0.0429,184,147,0.602,2,1.2.0
20260726,6,Precision,0.7645,0.71,0,0.0573,205,74,0.550,0,2.0.0
20260726,7,MacroF1,0.8991,0.85,0,0.1035,86,298,0.826,1,1.1.0
20260726,8,AUC,0.7937,0.74,0,0.0227,636,44,0.596,3,1.0.0
20260727,1,MAPE,10.6529,12.00,0,0.0585,213,230,0.810,0,2.4.0
20260727,2,NDCG@5,0.8124,0.82,1,0.0682,1748,53,0.540,2,3.1.0
20260727,3,QuoteAcceptRate,0.6675,0.62,0,0.0515,395,59,0.722,4,1.6.0
20260727,4,RMSEMins,12.1599,14.00,0,0.0896,334,45,0.636,4,1.4.0
20260727,5,AUC,0.8223,0.79,0,0.0979,137,132,0.249,3,1.2.0
20260727,6,Precision,0.7340,0.71,0,0.0353,152,84,0.401,1,2.0.0
20260727,7,MacroF1,0.8878,0.85,0,0.0995,64,324,0.287,2,1.1.0
20260727,8,AUC,0.7783,0.74,0,0.0324,471,35,0.556,4,1.0.0
20260728,1,MAPE,10.6043,12.00,0,0.0723,169,201,0.525,1,2.4.0
20260728,2,NDCG@5,0.7891,0.82,1,0.0458,1392,42,0.472,3,3.1.0
20260728,3,QuoteAcceptRate,0.6506,0.62,0,0.1038,315,52,0.747,5,1.6.0
20260728,4,RMSEMins,12.3997,14.00,0,0.0396,266,49,0.382,5,1.4.0
20260728,5,AUC,0.8148,0.79,0,0.0494,109,123,0.749,4,1.2.0
20260728,6,Precision,0.7523,0.71,0,0.0937,121,71,0.653,2,2.0.0
20260728,7,MacroF1,0.8738,0.85,0,0.0268,51,357,0.535,3,1.1.0
20260728,8,AUC,0.7791,0.74,0,0.0570,375,38,0.287,5,1.0.0
20260729,1,MAPE,10.4224,12.00,0,0.0734,153,229,0.516,2,2.4.0
20260729,2,NDCG@5,0.8084,0.82,1,0.0282,1254,42,0.545,4,3.1.0
20260729,3,QuoteAcceptRate,0.6759,0.62,0,0.0378,283,54,0.526,6,1.6.0
20260729,4,RMSEMins,12.0797,14.00,0,0.0902,240,34,0.742,6,1.4.0
20260729,5,AUC,0.8453,0.79,0,0.1047,98,125,0.816,5,1.2.0
20260729,6,Precision,0.7460,0.71,0,0.0536,109,56,0.636,3,2.0.0
20260729,7,MacroF1,0.8977,0.85,0,0.0591,46,330,0.788,4,1.1.0
20260729,8,AUC,0.7931,0.74,0,0.0419,338,40,0.671,6,1.0.0
20260730,1,MAPE,9.8930,12.00,0,0.0727,185,205,0.362,3,2.4.0
20260730,2,NDCG@5,0.7892,0.82,1,0.0798,1518,44,0.805,5,3.1.0
20260730,3,QuoteAcceptRate,0.6602,0.62,0,0.0704,343,45,0.493,0,1.6.0
20260730,4,RMSEMins,13.1158,14.00,0,0.0493,290,36,0.672,0,1.4.0
20260730,5,AUC,0.8390,0.79,0,0.0598,119,188,0.270,6,1.2.0
20260730,6,Precision,0.7736,0.71,0,0.0210,132,78,0.649,4,2.0.0
20260730,7,MacroF1,0.8883,0.85,0,0.0323,55,292,0.518,5,1.1.0
20260730,8,AUC,0.7869,0.74,0,0.0355,409,44,0.834,0,1.0.0
20260731,1,MAPE,9.2355,12.00,0,0.0631,150,218,0.840,4,2.4.0
20260731,2,NDCG@5,0.8043,0.82,1,0.0205,1230,32,0.796,6,3.1.0
20260731,3,QuoteAcceptRate,0.6768,0.62,0,0.0377,278,55,0.275,1,1.6.0
20260731,4,RMSEMins,13.4658,14.00,0,0.0921,235,57,0.824,1,1.4.0
20260731,5,AUC,0.8503,0.79,0,0.0334,96,149,0.392,0,1.2.0
20260731,6,Precision,0.7088,0.71,1,0.0306,107,69,0.753,5,2.0.0
20260731,7,MacroF1,0.8801,0.85,0,0.0736,45,372,0.344,6,1.1.0
20260731,8,AUC,0.8008,0.74,0,0.0862,332,33,0.404,1,1.0.0
20260801,1,MAPE,8.9724,12.00,0,0.0738,305,259,0.652,5,2.4.0
20260801,2,NDCG@5,0.8047,0.82,1,0.0961,2507,50,0.279,0,3.1.0
20260801,3,QuoteAcceptRate,0.6734,0.62,0,0.0426,567,63,0.428,2,1.6.0
20260801,4,RMSEMins,12.9231,14.00,0,0.0749,480,33,0.837,2,1.4.0
20260801,5,AUC,0.8231,0.79,0,0.0811,196,191,0.553,1,1.2.0
20260801,6,Precision,0.7095,0.71,1,0.0369,218,89,0.275,6,2.0.0
20260801,7,MacroF1,0.8745,0.85,0,0.0387,92,343,0.751,0,1.1.0
20260801,8,AUC,0.7946,0.74,0,0.0974,676,40,0.523,2,1.0.0
20260802,1,MAPE,11.2337,12.00,0,0.0408,295,223,0.429,6,2.4.0
20260802,2,NDCG@5,0.7973,0.82,1,0.0790,2426,38,0.783,1,3.1.0
20260802,3,QuoteAcceptRate,0.6780,0.62,0,0.0881,549,63,0.623,3,1.6.0
20260802,4,RMSEMins,11.8851,14.00,0,0.0411,464,43,0.633,3,1.4.0
20260802,5,AUC,0.8321,0.79,0,0.1005,190,134,0.496,2,1.2.0
20260802,6,Precision,0.6952,0.71,1,0.0861,211,68,0.442,0,2.0.0
20260802,7,MacroF1,0.9090,0.85,0,0.0836,89,448,0.785,1,1.1.0
20260802,8,AUC,0.7597,0.74,0,0.0942,654,41,0.833,3,1.0.0
20260803,1,MAPE,9.2564,12.00,0,0.0678,246,228,0.329,0,2.4.0
20260803,2,NDCG@5,0.8158,0.82,1,0.0491,2024,40,0.359,2,3.1.0
20260803,3,QuoteAcceptRate,0.6933,0.62,0,0.0637,458,63,0.275,4,1.6.0
20260803,4,RMSEMins,11.9007,14.00,0,0.0899,387,37,0.258,4,1.4.0
20260803,5,AUC,0.8345,0.79,0,0.0940,158,144,0.829,3,1.2.0
20260803,6,Precision,0.7311,0.71,0,0.0968,176,67,0.513,1,2.0.0
20260803,7,MacroF1,0.8965,0.85,0,0.0319,74,325,0.788,2,1.1.0
20260803,8,AUC,0.8247,0.74,0,0.0396,546,45,0.305,4,1.0.0
20260804,1,MAPE,11.1825,12.00,0,0.0721,223,245,0.515,1,2.4.0
20260804,2,NDCG@5,0.7984,0.82,1,0.0395,1828,45,0.417,3,3.1.0
20260804,3,QuoteAcceptRate,0.6546,0.62,0,0.0266,413,60,0.725,5,1.6.0
20260804,4,RMSEMins,11.9899,14.00,0,0.0620,350,37,0.375,5,1.4.0
20260804,5,AUC,0.8203,0.79,0,0.0964,143,162,0.310,4,1.2.0
20260804,6,Precision,0.7468,0.71,0,0.0990,159,61,0.475,2,2.0.0
20260804,7,MacroF1,0.8863,0.85,0,0.0496,67,318,0.669,3,1.1.0
20260804,8,AUC,0.7672,0.74,0,0.0529,493,48,0.804,5,1.0.0
20260805,1,MAPE,10.7109,12.00,0,0.0379,235,218,0.524,2,2.4.0
20260805,2,NDCG@5,0.7969,0.82,1,0.0255,1932,43,0.363,4,3.1.0
20260805,3,QuoteAcceptRate,0.6771,0.62,0,0.0282,437,58,0.303,6,1.6.0
20260805,4,RMSEMins,12.1056,14.00,0,0.0676,370,44,0.654,6,1.4.0
20260805,5,AUC,0.8456,0.79,0,0.0754,151,163,0.722,5,1.2.0
20260805,6,Precision,0.7462,0.71,0,0.0680,168,64,0.677,3,2.0.0
20260805,7,MacroF1,0.9015,0.85,0,0.0228,71,326,0.264,4,1.1.0
20260805,8,AUC,0.7728,0.74,0,0.0563,521,47,0.358,6,1.0.0
20260806,1,MAPE,10.0410,12.00,0,0.0388,238,195,0.838,3,2.4.0
20260806,2,NDCG@5,0.8092,0.82,1,0.0970,1955,52,0.217,5,3.1.0
20260806,3,QuoteAcceptRate,0.6707,0.62,0,0.0228,442,60,0.423,0,1.6.0
20260806,4,RMSEMins,11.5615,14.00,0,0.0346,374,46,0.308,0,1.4.0
20260806,5,AUC,0.8156,0.79,0,0.0346,153,174,0.681,6,1.2.0
20260806,6,Precision,0.7100,0.71,1,0.1076,170,68,0.682,4,2.0.0
20260806,7,MacroF1,0.8788,0.85,0,0.0341,71,330,0.373,5,1.1.0
20260806,8,AUC,0.7440,0.74,0,0.1084,527,36,0.456,0,1.0.0
20260807,1,MAPE,9.3189,12.00,0,0.0561,186,197,0.446,4,2.4.0
20260807,2,NDCG@5,0.8169,0.82,1,0.1020,1530,48,0.478,6,3.1.0
20260807,3,QuoteAcceptRate,0.6516,0.62,0,0.0395,346,54,0.719,1,1.6.0
20260807,4,RMSEMins,12.1499,14.00,0,0.0937,293,34,0.395,1,1.4.0
20260807,5,AUC,0.8127,0.79,0,0.0638,120,154,0.501,0,1.2.0
20260807,6,Precision,0.7176,0.71,0,0.0555,133,69,0.772,5,2.0.0
20260807,7,MacroF1,0.8915,0.85,0,0.0782,56,343,0.768,6,1.1.0
20260807,8,AUC,0.7850,0.74,0,0.0253,412,43,0.683,1,1.0.0
20260808,1,MAPE,9.4070,12.00,0,0.0458,287,160,0.523,5,2.4.0
20260808,2,NDCG@5,0.7989,0.82,1,0.0803,2358,50,0.222,0,3.1.0
20260808,3,QuoteAcceptRate,0.6938,0.62,0,0.0637,533,73,0.522,2,1.6.0
20260808,4,RMSEMins,12.6610,14.00,0,0.0440,451,43,0.534,2,1.4.0
20260808,5,AUC,0.8303,0.79,0,0.0474,184,152,0.414,1,1.2.0
20260808,6,Precision,0.7294,0.71,0,0.0618,205,63,0.808,6,2.0.0
20260808,7,MacroF1,0.9027,0.85,0,0.0405,86,392,0.441,0,1.1.0
20260808,8,AUC,0.8061,0.74,0,0.0656,636,42,0.334,2,1.0.0
20260809,1,MAPE,9.6718,12.00,0,0.0655,330,230,0.639,6,2.4.0
20260809,2,NDCG@5,0.8202,0.82,0,0.0941,2714,53,0.403,1,3.1.0
20260809,3,QuoteAcceptRate,0.6253,0.62,0,0.0353,614,67,0.834,3,1.6.0
20260809,4,RMSEMins,12.9706,14.00,0,0.0713,519,37,0.337,3,1.4.0
20260809,5,AUC,0.8000,0.79,0,0.0314,212,148,0.770,2,1.2.0
20260809,6,Precision,0.7385,0.71,0,0.0208,236,82,0.601,0,2.0.0
20260809,7,MacroF1,0.8991,0.85,0,0.0695,99,277,0.525,1,1.1.0
20260809,8,AUC,0.7770,0.74,0,0.0210,732,50,0.652,3,1.0.0
20260810,1,MAPE,9.2915,12.00,0,0.0451,221,170,0.640,0,2.4.0
20260810,2,NDCG@5,0.8061,0.82,1,0.1059,1817,47,0.494,2,3.1.0
20260810,3,QuoteAcceptRate,0.7011,0.62,0,0.0554,411,56,0.828,4,1.6.0
20260810,4,RMSEMins,11.9965,14.00,0,0.0953,348,34,0.838,4,1.4.0
20260810,5,AUC,0.8104,0.79,0,0.0422,142,160,0.326,3,1.2.0
20260810,6,Precision,0.7057,0.71,1,0.0812,158,73,0.362,1,2.0.0
20260810,7,MacroF1,0.9076,0.85,0,0.0882,66,288,0.808,2,1.1.0
20260810,8,AUC,0.8094,0.74,0,0.0513,490,37,0.670,4,1.0.0
20260811,1,MAPE,10.2000,12.00,0,0.0667,195,282,0.668,1,2.4.0
20260811,2,NDCG@5,0.7862,0.82,1,0.0802,1598,44,0.659,3,3.1.0
20260811,3,QuoteAcceptRate,0.7011,0.62,0,0.0708,361,83,0.666,5,1.6.0
20260811,4,RMSEMins,12.2100,14.00,0,0.0929,306,38,0.424,5,1.4.0
20260811,5,AUC,0.8152,0.79,0,0.0443,125,145,0.530,4,1.2.0
20260811,6,Precision,0.7239,0.71,0,0.0974,139,77,0.829,2,2.0.0
20260811,7,MacroF1,0.8821,0.85,0,0.0804,58,339,0.646,3,1.1.0
20260811,8,AUC,0.7934,0.74,0,0.0532,431,44,0.339,5,1.0.0
20260812,1,MAPE,10.2766,12.00,0,0.0445,220,228,0.588,2,2.4.0
20260812,2,NDCG@5,0.7960,0.82,1,0.0687,1806,53,0.625,4,3.1.0
20260812,3,QuoteAcceptRate,0.6596,0.62,0,0.0436,408,52,0.515,6,1.6.0
20260812,4,RMSEMins,13.5726,14.00,0,0.0571,345,31,0.821,6,1.4.0
20260812,5,AUC,0.8227,0.79,0,0.0890,141,162,0.455,5,1.2.0
20260812,6,Precision,0.7374,0.71,0,0.1037,157,68,0.314,3,2.0.0
20260812,7,MacroF1,0.8966,0.85,0,0.0229,66,355,0.847,4,1.1.0
20260812,8,AUC,0.8030,0.74,0,0.0753,487,49,0.441,6,1.0.0
20260813,1,MAPE,10.9610,12.00,0,0.0540,204,184,0.695,3,2.4.0
20260813,2,NDCG@5,0.7947,0.82,1,0.0473,1679,48,0.369,5,3.1.0
20260813,3,QuoteAcceptRate,0.6735,0.62,0,0.0268,380,64,0.328,0,1.6.0
20260813,4,RMSEMins,12.1504,14.00,0,0.0429,321,35,0.620,0,1.4.0
20260813,5,AUC,0.8229,0.79,0,0.0515,131,134,0.847,6,1.2.0
20260813,6,Precision,0.7455,0.71,0,0.0324,146,76,0.764,4,2.0.0
20260813,7,MacroF1,0.8856,0.85,0,0.0671,61,256,0.322,5,1.1.0
20260813,8,AUC,0.7679,0.74,0,0.0270,453,46,0.702,0,1.0.0
20260814,1,MAPE,10.0703,12.00,0,0.0643,210,212,0.370,4,2.4.0
20260814,2,NDCG@5,0.7863,0.82,1,0.0419,1725,40,0.798,6,3.1.0
20260814,3,QuoteAcceptRate,0.6762,0.62,0,0.1051,390,73,0.736,1,1.6.0
20260814,4,RMSEMins,11.2916,14.00,0,0.0358,330,31,0.738,1,1.4.0
20260814,5,AUC,0.8172,0.79,0,0.0893,135,143,0.689,0,1.2.0
20260814,6,Precision,0.7392,0.71,0,0.0341,150,52,0.790,5,2.0.0
20260814,7,MacroF1,0.8802,0.85,0,0.1065,63,323,0.755,6,1.1.0
20260814,8,AUC,0.7540,0.74,0,0.0392,465,58,0.407,1,1.0.0
20260815,1,MAPE,9.6121,12.00,0,0.0565,314,215,0.580,5,2.4.0
20260815,2,NDCG@5,0.7973,0.82,1,0.0825,2576,52,0.238,0,3.1.0
20260815,3,QuoteAcceptRate,0.6509,0.62,0,0.0618,582,48,0.653,2,1.6.0
20260815,4,RMSEMins,12.8569,14.00,0,0.0483,493,37,0.700,2,1.4.0
20260815,5,AUC,0.8242,0.79,0,0.0681,202,158,0.433,1,1.2.0
20260815,6,Precision,0.7613,0.71,0,0.1080,224,57,0.271,6,2.0.0
20260815,7,MacroF1,0.9184,0.85,0,0.0793,94,393,0.384,0,1.1.0
20260815,8,AUC,0.7809,0.74,0,0.1034,694,45,0.516,2,1.0.0
20260816,1,MAPE,9.6748,12.00,0,0.0508,321,263,0.814,6,2.4.0
20260816,2,NDCG@5,0.7963,0.82,1,0.0879,2634,43,0.534,1,3.1.0
20260816,3,QuoteAcceptRate,0.6978,0.62,0,0.0893,595,72,0.469,3,1.6.0
20260816,4,RMSEMins,12.3088,14.00,0,0.0432,504,38,0.530,3,1.4.0
20260816,5,AUC,0.8362,0.79,0,0.0293,206,175,0.593,2,1.2.0
20260816,6,Precision,0.7792,0.71,0,0.0693,229,74,0.598,0,2.0.0
20260816,7,MacroF1,0.8787,0.85,0,0.0400,96,324,0.420,1,1.1.0
20260816,8,AUC,0.7977,0.74,0,0.0718,710,38,0.630,3,1.0.0
20260817,1,MAPE,9.9205,12.00,0,0.0448,244,182,0.797,0,2.4.0
20260817,2,NDCG@5,0.8135,0.82,1,0.0680,2001,51,0.296,2,3.1.0
20260817,3,QuoteAcceptRate,0.6707,0.62,0,0.0447,452,65,0.617,4,1.6.0
20260817,4,RMSEMins,11.4170,14.00,0,0.0811,383,45,0.230,4,1.4.0
20260817,5,AUC,0.8283,0.79,0,0.0403,157,135,0.353,3,1.2.0
20260817,6,Precision,0.6864,0.71,1,0.0250,174,76,0.518,1,2.0.0
20260817,7,MacroF1,0.8903,0.85,0,0.0389,73,373,0.328,2,1.1.0
20260817,8,AUC,0.7749,0.74,0,0.0847,539,40,0.671,4,1.0.0
20260818,1,MAPE,9.4175,12.00,0,0.0511,214,184,0.524,1,2.4.0
20260818,2,NDCG@5,0.7936,0.82,1,0.0915,1760,56,0.740,3,3.1.0
20260818,3,QuoteAcceptRate,0.6560,0.62,0,0.0855,398,54,0.373,5,1.6.0
20260818,4,RMSEMins,12.5104,14.00,0,0.0424,337,37,0.414,5,1.4.0
20260818,5,AUC,0.8452,0.79,0,0.0368,138,188,0.661,4,1.2.0
20260818,6,Precision,0.7016,0.71,1,0.0244,153,70,0.300,2,2.0.0
20260818,7,MacroF1,0.8886,0.85,0,0.1058,64,370,0.495,3,1.1.0
20260818,8,AUC,0.7953,0.74,0,0.1014,474,47,0.769,5,1.0.0
20260819,1,MAPE,10.1258,12.00,0,0.0696,238,234,0.333,2,2.4.0
20260819,2,NDCG@5,0.8074,0.82,1,0.0319,1955,48,0.753,4,3.1.0
20260819,3,QuoteAcceptRate,0.6952,0.62,0,0.0222,442,64,0.612,6,1.6.0
20260819,4,RMSEMins,12.8715,14.00,0,0.0920,374,39,0.284,6,1.4.0
20260819,5,AUC,0.8214,0.79,0,0.0745,153,144,0.599,5,1.2.0
20260819,6,Precision,0.7690,0.71,0,0.0996,170,86,0.243,3,2.0.0
20260819,7,MacroF1,0.8895,0.85,0,0.0577,71,325,0.838,4,1.1.0
20260819,8,AUC,0.7518,0.74,0,0.0461,527,46,0.292,6,1.0.0
20260820,1,MAPE,9.5745,12.00,0,0.0704,218,201,0.532,3,2.4.0
20260820,2,NDCG@5,0.8069,0.82,1,0.0813,1794,41,0.506,5,3.1.0
20260820,3,QuoteAcceptRate,0.6354,0.62,0,0.0301,406,50,0.662,0,1.6.0
20260820,4,RMSEMins,13.8816,14.00,0,0.0912,343,44,0.784,0,1.4.0
20260820,5,AUC,0.8264,0.79,0,0.0500,140,163,0.427,6,1.2.0
20260820,6,Precision,0.7485,0.71,0,0.0216,156,72,0.251,4,2.0.0
20260820,7,MacroF1,0.8991,0.85,0,0.0764,66,340,0.447,5,1.1.0
20260820,8,AUC,0.7620,0.74,0,0.0370,484,35,0.770,0,1.0.0
20260821,1,MAPE,9.5936,12.00,0,0.0455,239,215,0.287,4,2.4.0
20260821,2,NDCG@5,0.7984,0.82,1,0.0248,1966,41,0.607,6,3.1.0
20260821,3,QuoteAcceptRate,0.6551,0.62,0,0.0754,445,57,0.229,1,1.6.0
20260821,4,RMSEMins,12.4841,14.00,0,0.0810,376,39,0.728,1,1.4.0
20260821,5,AUC,0.8154,0.79,0,0.0717,154,151,0.617,0,1.2.0
20260821,6,Precision,0.7219,0.71,0,0.0448,171,62,0.254,5,2.0.0
20260821,7,MacroF1,0.8817,0.85,0,0.0490,72,335,0.501,6,1.1.0
20260821,8,AUC,0.7970,0.74,0,0.0505,530,46,0.214,1,1.0.0
20260822,1,MAPE,9.4662,12.00,0,0.0413,287,206,0.377,5,2.4.0
20260822,2,NDCG@5,0.7980,0.82,1,0.0995,2358,39,0.443,0,3.1.0
20260822,3,QuoteAcceptRate,0.6532,0.62,0,0.1046,533,68,0.340,2,1.6.0
20260822,4,RMSEMins,12.2989,14.00,0,0.0826,451,35,0.306,2,1.4.0
20260822,5,AUC,0.8209,0.79,0,0.0998,184,160,0.814,1,1.2.0
20260822,6,Precision,0.7342,0.71,0,0.0256,205,73,0.849,6,2.0.0
20260822,7,MacroF1,0.9022,0.85,0,0.0704,86,321,0.749,0,1.1.0
20260822,8,AUC,0.7841,0.74,0,0.0339,636,47,0.355,2,1.0.0
20260823,1,MAPE,10.2799,12.00,0,0.0390,308,199,0.312,6,2.4.0
20260823,2,NDCG@5,0.7837,0.82,1,0.0911,2530,41,0.711,1,3.1.0
20260823,3,QuoteAcceptRate,0.6530,0.62,0,0.0922,572,67,0.552,3,1.6.0
20260823,4,RMSEMins,11.8884,14.00,0,0.0825,484,40,0.389,3,1.4.0
20260823,5,AUC,0.8254,0.79,0,0.0544,198,160,0.531,2,1.2.0
20260823,6,Precision,0.7569,0.71,0,0.1023,220,72,0.437,0,2.0.0
20260823,7,MacroF1,0.8821,0.85,0,0.1061,92,305,0.517,1,1.1.0
20260823,8,AUC,0.7903,0.74,0,0.0817,682,48,0.522,3,1.0.0
20260824,1,MAPE,9.3236,12.00,0,0.0745,213,179,0.312,0,2.4.0
20260824,2,NDCG@5,0.7897,0.82,1,0.0289,1748,44,0.414,2,3.1.0
20260824,3,QuoteAcceptRate,0.6784,0.62,0,0.0690,395,48,0.376,4,1.6.0
20260824,4,RMSEMins,13.2718,14.00,0,0.0414,334,44,0.598,4,1.4.0
20260824,5,AUC,0.8221,0.79,0,0.0273,137,162,0.615,3,1.2.0
20260824,6,Precision,0.7580,0.71,0,0.0392,152,66,0.655,1,2.0.0
20260824,7,MacroF1,0.8672,0.85,0,0.0544,64,331,0.822,2,1.1.0
20260824,8,AUC,0.7670,0.74,0,0.0444,471,44,0.780,4,1.0.0
20260825,1,MAPE,10.6176,12.00,0,0.0654,197,236,0.248,1,2.4.0
20260825,2,NDCG@5,0.8084,0.82,1,0.0485,1622,49,0.261,3,3.1.0
20260825,3,QuoteAcceptRate,0.6342,0.62,0,0.0598,367,67,0.502,5,1.6.0
20260825,4,RMSEMins,12.0817,14.00,0,0.0243,310,41,0.261,5,1.4.0
20260825,5,AUC,0.8050,0.79,0,0.0551,127,140,0.505,4,1.2.0
20260825,6,Precision,0.7334,0.71,0,0.0545,141,68,0.222,2,2.0.0
20260825,7,MacroF1,0.9133,0.85,0,0.0831,59,265,0.343,3,1.1.0
20260825,8,AUC,0.8017,0.74,0,0.0899,437,42,0.638,5,1.0.0
20260826,1,MAPE,9.6267,12.00,0,0.0378,244,179,0.817,2,2.4.0
20260826,2,NDCG@5,0.8138,0.82,1,0.0723,2001,48,0.284,4,3.1.0
20260826,3,QuoteAcceptRate,0.6980,0.62,0,0.0565,452,64,0.238,6,1.6.0
20260826,4,RMSEMins,11.6698,14.00,0,0.0501,383,31,0.772,6,1.4.0
20260826,5,AUC,0.8191,0.79,0,0.0577,157,143,0.771,5,1.2.0
20260826,6,Precision,0.7300,0.71,0,0.0776,174,74,0.391,3,2.0.0
20260826,7,MacroF1,0.8835,0.85,0,0.0571,73,329,0.421,4,1.1.0
20260826,8,AUC,0.7784,0.74,0,0.0927,539,43,0.226,6,1.0.0
20260827,1,MAPE,10.4671,12.00,0,0.0616,172,202,0.586,3,2.4.0
20260827,2,NDCG@5,0.7893,0.82,1,0.0974,1414,48,0.681,5,3.1.0
20260827,3,QuoteAcceptRate,0.6557,0.62,0,0.0560,320,52,0.570,0,1.6.0
20260827,4,RMSEMins,10.6042,14.00,0,0.0949,271,42,0.545,0,1.4.0
20260827,5,AUC,0.8496,0.79,0,0.0337,111,176,0.688,6,1.2.0
20260827,6,Precision,0.7263,0.71,0,0.0451,123,63,0.774,4,2.0.0
20260827,7,MacroF1,0.9117,0.85,0,0.0513,52,380,0.839,5,1.1.0
20260827,8,AUC,0.7910,0.74,0,0.0499,381,41,0.324,0,1.0.0
20260828,1,MAPE,10.0763,12.00,0,0.0463,181,243,0.596,4,2.4.0
20260828,2,NDCG@5,0.8191,0.82,1,0.0678,1484,50,0.270,6,3.1.0
20260828,3,QuoteAcceptRate,0.6858,0.62,0,0.0892,335,73,0.491,1,1.6.0
20260828,4,RMSEMins,12.5756,14.00,0,0.1090,284,48,0.754,1,1.4.0
20260828,5,AUC,0.8253,0.79,0,0.0812,116,167,0.408,0,1.2.0
20260828,6,Precision,0.7776,0.71,0,0.0746,129,65,0.550,5,2.0.0
20260828,7,MacroF1,0.8766,0.85,0,0.1094,54,385,0.762,6,1.1.0
20260828,8,AUC,0.7887,0.74,0,0.0932,400,38,0.343,1,1.0.0
20260829,1,MAPE,10.1718,12.00,0,0.0517,293,209,0.445,5,2.4.0
20260829,2,NDCG@5,0.7924,0.82,1,0.0585,2404,44,0.636,0,3.1.0
20260829,3,QuoteAcceptRate,0.6554,0.62,0,0.0791,543,63,0.775,2,1.6.0
20260829,4,RMSEMins,12.9897,14.00,0,0.1087,460,46,0.559,2,1.4.0
20260829,5,AUC,0.8473,0.79,0,0.0312,188,197,0.317,1,1.2.0
20260829,6,Precision,0.7514,0.71,0,0.0291,209,79,0.638,6,2.0.0
20260829,7,MacroF1,0.9048,0.85,0,0.0779,88,389,0.372,0,1.1.0
20260829,8,AUC,0.7728,0.74,0,0.0481,648,56,0.825,2,1.0.0
20260830,1,MAPE,10.1166,12.00,0,0.0451,216,238,0.404,6,2.4.0
20260830,2,NDCG@5,0.7980,0.82,1,0.0666,1771,42,0.757,1,3.1.0
20260830,3,QuoteAcceptRate,0.6664,0.62,0,0.0376,400,55,0.603,3,1.6.0
20260830,4,RMSEMins,12.9614,14.00,0,0.0617,339,44,0.462,3,1.4.0
20260830,5,AUC,0.8249,0.79,0,0.0500,139,132,0.554,2,1.2.0
20260830,6,Precision,0.7276,0.71,0,0.0772,154,72,0.420,0,2.0.0
20260830,7,MacroF1,0.9024,0.85,0,0.0555,65,322,0.842,1,1.1.0
20260830,8,AUC,0.7548,0.74,0,0.0375,477,40,0.313,3,1.0.0
20260831,1,MAPE,10.0706,12.00,0,0.0603,186,220,0.706,0,2.4.0
20260831,2,NDCG@5,0.7929,0.82,1,0.0717,1530,42,0.395,2,3.1.0
20260831,3,QuoteAcceptRate,0.6817,0.62,0,0.0364,346,57,0.707,4,1.6.0
20260831,4,RMSEMins,12.1706,14.00,0,0.0583,293,41,0.823,4,1.4.0
20260831,5,AUC,0.8317,0.79,0,0.0488,120,177,0.344,3,1.2.0
20260831,6,Precision,0.7493,0.71,0,0.0966,133,54,0.631,1,2.0.0
20260831,7,MacroF1,0.8987,0.85,0,0.0615,56,347,0.719,2,1.1.0
20260831,8,AUC,0.8081,0.74,0,0.0776,412,36,0.835,4,1.0.0
